1,1,0,0,0,0,1,0,0,0,0,1,0,0,0,0,1
2,1,0,0,0,0,1,0,0,0,0,1,0,0,0,0,1
3,1,0,0,0,0,1,0,0,0,0,1,0,0,0,0,1
4,1,0,0,0,0,1,0,0,0,0,1,0,0,0,0,1
5,1,0,0,0,0,1,0,0,0,0,1,0,0,0,0,1
6,1,0,0,0,0,1,0,0,0,0,1,0,0,0,-3,1
1,1,0,0,0,0,1,0,0,0,0,1,0,0,-1,0,1
2,1,0,0,0,0,1,0,0,0,0,1,0,1,-1,0,1
3,1,0,0,0,0,1,0,0,0,0,1,0,1,-1,-1,1
4,1,0,0,0,0,1,0,0,0,0,1,0,1,-1,-1,1
5,1,0,0,0,0,1,0,0,0,0,1,0,1,-1,-1,1
6,1,0,0,0,0,1,0,0,0,0,1,0,0,0,-3,1
1,1,0,0,0,0,1,0,0,0,0,1,0,0,-2,0,1
2,1,0,0,0,0,1,0,0,0,0,1,0,2,-2,0,1
3,1,0,0,0,0,1,0,0,0,0,1,0,2,-2,-2,1
4,1,0,0,0,0,1,0,0,0,0,1,0,2,-2,-2,1
5,1,0,0,0,0,1,0,0,0,0,1,0,2,-2,-2,1
6,1,0,0,0,0,1,0,0,0,0,1,0,0,0,-3,1
1,1,0,0,0,0,1,0,0,0,0,1,0,0,-4,0,1
2,1,0,0,0,0,1,0,0,0,0,1,0,4,-4,0,1
3,1,0,0,0,0,1,0,0,0,0,1,0,4,-4,-4,1
4,1,0,0,0,0,1,0,0,0,0,1,0,4,-4,-4,1
5,1,0,0,0,0,1,0,0,0,0,1,0,4,-4,-4,1
6,1,0,0,0,0,1,0,0,0,0,1,0,0,0,-3,1
1,1,0,0,0,0,1,0,0,0,0,1,0,0,-6,0,1
2,1,0,0,0,0,1,0,0,0,0,1,0,6,-6,0,1
3,1,0,0,0,0,1,0,0,0,0,1,0,6,-6,-5.6,1
4,1,0,0,0,0,1,0,0,0,0,1,0,6,-6,-5.6,1
5,1,0,0,0,0,1,0,0,0,0,1,0,6,-6,-5.6,1
6,1,0,0,0,0,1,0,0,0,0,1,0,0,0,-3,1
1,1,0,0,0,0,1,0,0,0,0,1,0,0,-7,0,1
2,1,0,0,0,0,1,0,0,0,0,1,0,8,-7,0,1
3,1,0,0,0,0,1,0,0,0,0,1,0,8,-7,-5.6,1
4,1,0,0,0,0,1,0,0,0,0,1,0,8,-7,-5.6,1
5,1,0,0,0,0,1,0,0,0,0,1,0,8,-7,-5.6,1
6,1,0,0,0,0,1,0,0,0,0,1,0,0,0,-3,1
1,1,0,0,0,0,1,0,0,0,0,1,0,0,-7,0,1
2,1,0,0,0,0,1,0,0,0,0,1,0,10,-7,0,1
3,1,0,0,0,0,1,0,0,0,0,1,0,10,-7,-5.6,1
4,1,0,0,0,0,1,0,0,0,0,1,0,10,-7,-5.6,1
5,1,0,0,0,0,1,0,0,0,0,1,0,10,-7,-5.6,1
6,1,0,0,0,0,1,0,0,0,0,1,0,0,0,-3,1
1,1,0,0,0,0,1,0,0,0,0,1,0,0,-7,0,1
2,1,0,0,0,0,1,0,0,0,0,1,0,12,-7,0,1
3,1,0,0,0,0,1,0,0,0,0,1,0,12,-7,-5.6,1
4,1,0,0,0,0,1,0,0,0,0,1,0,12,-7,-5.6,1
5,1,0,0,0,0,1,0,0,0,0,1,0,12,-7,-5.6,1
6,1,0,0,0,0,1,0,0,0,0,1,0,0,0,-3,1
1,1,0,0,0,0,1,0,0,0,0,1,0,0,-7,0,1
2,1,0,0,0,0,1,0,0,0,0,1,0,12.8,-7,0,1
3,1,0,0,0,0,1,0,0,0,0,1,0,12.8,-7,-5.6,1
4,1,0,0,0,0,1,0,0,0,0,1,0,12.8,-7,-5.6,1
5,1,0,0,0,0,1,0,0,0,0,1,0,12.8,-7,-5.6,1
6,1,0,0,0,0,1,0,0,0,0,1,0,0,0,-3,1
1,1,0,0,0,0,1,0,0,0,0,1,0,0,-7,0,1
2,1,0,0,0,0,1,0,0,0,0,1,0,12.8,-7,0,1
3,1,0,0,0,0,1,0,0,0,0,1,0,12.8,-7,-6.6,1
4,1,0,0,0,0,1,0,0,0,0,1,0,12.8,-7,-6.6,1
5,1,0,0,0,0,1,0,0,0,0,1,0,12.8,-7,-6.6,1
6,1,0,0,0,0,1,0,0,0,0,1,0,0,0,-3,1
1,1,0,0,0,0,1,0,0,0,0,1,0,0,-7,0,1
2,1,0,0,0,0,1,0,0,0,0,1,0,12.8,-7,0,1
3,1,0,0,0,0,1,0,0,0,0,1,0,12.8,-7,-7.6,1
4,1,0,0,0,0,1,0,0,0,0,1,0,12.8,-7,-7.6,1
5,1,0,0,0,0,1,0,0,0,0,1,0,12.8,-7,-7.6,1
6,1,0,0,0,0,1,0,0,0,0,1,0,0,0,-3,1
1,1,0,0,0,0,1,0,0,0,0,1,0,0,-7,0,1
2,1,0,0,0,0,1,0,0,0,0,1,0,12.8,-7,0,1
3,1,0,0,0,0,1,0,0,0,0,1,0,12.8,-7,-7.6,1
4,1,0,0,0,0,1,0,0,0,0,1,0,12.8,-7,-7.6,1
5,1,0,0,0,0,1,0,0,0,0,1,0,12.8,-7,-7.6,1
6,1,0,0,0,0,1,0,0,0,0,1,0,0,0,-3,1
1,1,0,0,0,0,1,0,0,0,0,1,0,0,-7,0,1
2,1,0,0,0,0,1,0,0,0,0,1,0,12.8,-7,0,1
3,1,0,0,0,0,1,0,0,0,0,1,0,12.8,-7,-7.6,1
4,1,0,0,0,0,1,0,0,0,0,1,0,12.8,-7,-7.6,1
5,1,0,0,0,0,1,0,0,0,0,1,0,12.8,-7,-7.6,1
6,1,0,0,0,0,1,0,0,0,0,1,0,0,0,-3,1
1,1,0,0,0,0,1,0,0,0,0,1,0,0,-7,0,1
2,1,0,0,0,0,1,0,0,0,0,1,0,12.8,-7,0,1
3,1,0,0,0,0,1,0,0,0,0,1,0,12.8,-7,-6.6,1
4,1,0,0,0,0,1,0,0,0,0,1,0,12.8,-7,-6.6,1
5,1,0,0,0,0,1,0,0,0,0,1,0,12.8,-7,-6.6,1
6,1,0,0,0,0,1,0,0,0,0,1,0,0,0,-3,1
1,1,0,0,0,0,1,0,0,0,0,1,0,0,-7,0,1
2,1,0,0,0,0,1,0,0,0,0,1,0,12.8,-7,0,1
3,1,0,0,0,0,1,0,0,0,0,1,0,12.8,-7,-5.5,1
4,1,0,0,0,0,1,0,0,0,0,1,0,12.8,-7,-5.5,1
5,1,0,0,0,0,1,0,0,0,0,1,0,12.8,-7,-5.5,1
6,1,0,0,0,0,1,0,0,0,0,1,0,0,0,-3,1
1,1,0,0,0,0,1,0,0,0,0,1,0,0,-7,0,1
2,1,0,0,0,0,1,0,0,0,0,1,0,13.8,-7,0,1
3,1,0,0,0,0,1,0,0,0,0,1,0,13.8,-7,-5.5,1
4,1,0,0,0,0,1,0,0,0,0,1,0,13.8,-7,-5.5,1
5,1,0,0,0,0,1,0,0,0,0,1,0,13.8,-7,-5.5,1
6,1,0,0,0,0,1,0,0,0,0,1,0,0,0,-3,1
1,1,0,0,0,0,1,0,0,0,0,1,0,0,-7,0,1
2,1,0,0,0,0,1,0,0,0,0,1,0,14.8,-7,0,1
3,1,0,0,0,0,1,0,0,0,0,1,0,14.8,-7,-5.5,1
4,1,0,0,0,0,1,0,0,0,0,1,0,14.8,-7,-5.5,1
5,1,0,0,0,0,1,0,0,0,0,1,0,14.8,-7,-5.5,1
6,1,0,0,0,0,1,0,0,0,0,1,0,0,0,-3,1
1,1,0,0,0,0,1,0,0,0,0,1,0,0,-7,0,1
2,1,0,0,0,0,1,0,0,0,0,1,0,16.8,-7,0,1
3,1,0,0,0,0,1,0,0,0,0,1,0,16.8,-7,-5.5,1
4,1,0,0,0,0,1,0,0,0,0,1,0,16.8,-7,-5.5,1
5,1,0,0,0,0,1,0,0,0,0,1,0,16.8,-7,-5.5,1
6,1,0,0,0,0,1,0,0,0,0,1,0,0,0,-3,1
1,1,0,0,0,0,1,0,0,0,0,1,0,0,-7,0,1
2,1,0,0,0,0,1,0,0,0,0,1,0,18.8,-7,0,1
3,1,0,0,0,0,1,0,0,0,0,1,0,18.8,-7,-5.5,1
4,1,0,0,0,0,1,0,0,0,0,1,0,18.8,-7,-5.5,1
5,1,0,0,0,0,1,0,0,0,0,1,0,18.8,-7,-5.5,1
6,1,0,0,0,0,1,0,0,0,0,1,0,0,0,-3,1
1,1,0,0,0,0,1,0,0,0,0,1,0,0,-7,0,1
2,1,0,0,0,0,1,0,0,0,0,1,0,20.8,-7,0,1
3,1,0,0,0,0,1,0,0,0,0,1,0,20.8,-7,-5.5,1
4,1,0,0,0,0,1,0,0,0,0,1,0,20.8,-7,-5.5,1
5,1,0,0,0,0,1,0,0,0,0,1,0,20.8,-7,-5.5,1
6,1,0,0,0,0,1,0,0,0,0,1,0,0,0,-3,1
1,1,0,0,0,0,1,0,0,0,0,1,0,0,-7,0,1
2,1,0,0,0,0,1,0,0,0,0,1,0,22.8,-7,0,1
3,1,0,0,0,0,1,0,0,0,0,1,0,22.8,-7,-5.5,1
4,1,0,0,0,0,1,0,0,0,0,1,0,22.8,-7,-5.5,1
5,1,0,0,0,0,1,0,0,0,0,1,0,22.8,-7,-5.5,1
6,1,0,0,0,0,1,0,0,0,0,1,0,0,0,-3,1
1,1,0,0,0,0,1,0,0,0,0,1,0,0,-7,0,1
2,1,0,0,0,0,1,0,0,0,0,1,0,24.8,-7,0,1
3,1,0,0,0,0,1,0,0,0,0,1,0,24.8,-7,-5.5,1
4,1,0,0,0,0,1,0,0,0,0,1,0,24.8,-7,-5.5,1
5,1,0,0,0,0,1,0,0,0,0,1,0,24.8,-7,-5.5,1
6,1,0,0,0,0,1,0,0,0,0,1,0,0,0,-3,1
1,1,0,0,0,0,1,0,0,0,0,1,0,0,-7,0,1
2,1,0,0,0,0,1,0,0,0,0,1,0,26.8,-7,0,1
3,1,0,0,0,0,1,0,0,0,0,1,0,26.8,-7,-5.5,1
4,1,0,0,0,0,1,0,0,0,0,1,0,26.8,-7,-5.5,1
5,1,0,0,0,0,1,0,0,0,0,1,0,26.8,-7,-5.5,1
6,1,0,0,0,0,1,0,0,0,0,1,0,0,0,-3,1
1,1,0,0,0,0,1,0,0,0,0,1,0,0,-7,0,1
2,1,0,0,0,0,1,0,0,0,0,1,0,28.8,-7,0,1
3,1,0,0,0,0,1,0,0,0,0,1,0,28.8,-7,-5.5,1
4,1,0,0,0,0,1,0,0,0,0,1,0,28.8,-7,-5.5,1
5,1,0,0,0,0,1,0,0,0,0,1,0,28.8,-7,-5.5,1
6,1,0,0,0,0,1,0,0,0,0,1,0,0,0,-3,1
1,1,0,0,0,0,1,0,0,0,0,1,0,0,-7,0,1
2,1,0,0,0,0,1,0,0,0,0,1,0,30.3,-7,0,1
3,1,0,0,0,0,1,0,0,0,0,1,0,30.3,-7,-5.5,1
4,1,0,0,0,0,1,0,0,0,0,1,0,30.3,-7,-5.5,1
5,1,0,0,0,0,1,0,0,0,0,1,0,30.3,-7,-5.5,1
6,1,0,0,0,0,1,0,0,0,0,1,0,0,0,-3,1
1,1,0,0,0,0,1,0,0,0,0,1,0,0,-7,0,1
2,1,0,0,0,0,1,0,0,0,0,1,0,30.3,-7,0,1
3,1,0,0,0,0,1,0,0,0,0,1,0,30.3,-7,-6.6,1
4,1,0,0,0,0,1,0,0,0,0,1,0,30.3,-7,-6.6,1
5,1,0,0,0,0,1,0,0,0,0,1,0,30.3,-7,-6.6,1
6,1,0,0,0,0,1,0,0,0,0,1,0,0,0,-3,1
1,1,0,0,0,0,1,0,0,0,0,1,0,0,-7,0,1
2,1,0,0,0,0,1,0,0,0,0,1,0,30.3,-7,0,1
3,1,0,0,0,0,1,0,0,0,0,1,0,30.3,-7,-7.6,1
4,1,0,0,0,0,1,0,0,0,0,1,0,30.3,-7,-7.6,1
5,1,0,0,0,0,1,0,0,0,0,1,0,30.3,-7,-7.6,1
6,1,0,0,0,0,1,0,0,0,0,1,0,0,0,-3,1
1,1,0,0,0,0,1,0,0,0,0,1,0,0,-7,0,1
2,1,0,0,0,0,1,0,0,0,0,1,0,30.3,-7,0,1
3,1,0,0,0,0,1,0,0,0,0,1,0,30.3,-7,-7.6,1
4,1,0,0,0,0,1,0,0,0,0,1,0,30.3,-7,-7.6,1
5,1,0,0,0,0,1,0,0,0,0,1,0,30.3,-7,-7.6,1
6,1,0,0,0,0,1,0,0,0,0,1,0,0,0,-3,1
1,1,0,0,0,0,1,0,0,0,0,1,0,0,-7,0,1
2,1,0,0,0,0,1,0,0,0,0,1,0,30.3,-7,0,1
3,1,0,0,0,0,1,0,0,0,0,1,0,30.3,-7,-7.6,1
4,1,0,0,0,0,1,0,0,0,0,1,0,30.3,-7,-7.6,1
5,1,0,0,0,0,1,0,0,0,0,1,0,30.3,-7,-7.6,1
6,1,0,0,0,0,1,0,0,0,0,1,0,0,0,-3,1
1,1,0,0,0,0,1,0,0,0,0,1,0,0,-7,0,1
2,1,0,0,0,0,1,0,0,0,0,1,0,30.3,-7,0,1
3,1,0,0,0,0,1,0,0,0,0,1,0,30.3,-7,-6.6,1
4,1,0,0,0,0,1,0,0,0,0,1,0,30.3,-7,-6.6,1
5,1,0,0,0,0,1,0,0,0,0,1,0,30.3,-7,-6.6,1
6,1,0,0,0,0,1,0,0,0,0,1,0,0,0,-3,1
1,1,0,0,0,0,1,0,0,0,0,1,0,0,-7,0,1
2,1,0,0,0,0,1,0,0,0,0,1,0,30.3,-7,0,1
3,1,0,0,0,0,1,0,0,0,0,1,0,30.3,-7,-5.5,1
4,1,0,0,0,0,1,0,0,0,0,1,0,30.3,-7,-5.5,1
5,1,0,0,0,0,1,0,0,0,0,1,0,30.3,-7,-5.5,1
6,1,0,0,0,0,1,0,0,0,0,1,0,0,0,-3,1
1,1,0,0,0,0,1,0,0,0,0,1,0,0,-6,0,1
2,1,0,0,0,0,1,0,0,0,0,1,0,30.3,-6,0,1
3,1,0,0,0,0,1,0,0,0,0,1,0,30.3,-6,-5.5,1
4,1,0,0,0,0,1,0,0,0,0,1,0,30.3,-6,-5.5,1
5,1,0,0,0,0,1,0,0,0,0,1,0,30.3,-6,-5.5,1
6,1,0,0,0,0,1,0,0,0,0,1,0,0,0,-3,1
1,1,0,0,0,0,1,0,0,0,0,1,0,0,-4,0,1
2,1,0,0,0,0,1,0,0,0,0,1,0,30.3,-4,0,1
3,1,0,0,0,0,1,0,0,0,0,1,0,30.3,-4,-5.5,1
4,1,0,0,0,0,1,0,0,0,0,1,0,30.3,-4,-5.5,1
5,1,0,0,0,0,1,0,0,0,0,1,0,30.3,-4,-5.5,1
6,1,0,0,0,0,1,0,0,0,0,1,0,0,0,-3,1
1,1,0,0,0,0,1,0,0,0,0,1,0,0,-2,0,1
2,1,0,0,0,0,1,0,0,0,0,1,0,30.3,-2,0,1
3,1,0,0,0,0,1,0,0,0,0,1,0,30.3,-2,-5.5,1
4,1,0,0,0,0,1,0,0,0,0,1,0,30.3,-2,-5.5,1
5,1,0,0,0,0,1,0,0,0,0,1,0,30.3,-2,-5.5,1
6,1,0,0,0,0,1,0,0,0,0,1,0,0,0,-3,1
1,1,0,0,0,0,1,0,0,0,0,1,0,0,0,0,1
2,1,0,0,0,0,1,0,0,0,0,1,0,30.3,0,0,1
3,1,0,0,0,0,1,0,0,0,0,1,0,30.3,0,-5.5,1
4,1,0,0,0,0,1,0,0,0,0,1,0,30.3,0,-5.5,1
5,1,0,0,0,0,1,0,0,0,0,1,0,30.3,0,-5.5,1
6,1,0,0,0,0,1,0,0,0,0,1,0,0,0,-3,1
1,1,0,0,0,0,1,0,0,0,0,1,0,0,2,0,1
2,1,0,0,0,0,1,0,0,0,0,1,0,30.3,2,0,1
3,1,0,0,0,0,1,0,0,0,0,1,0,30.3,2,-5.5,1
4,1,0,0,0,0,1,0,0,0,0,1,0,30.3,2,-5.5,1
5,1,0,0,0,0,1,0,0,0,0,1,0,30.3,2,-5.5,1
6,1,0,0,0,0,1,0,0,0,0,1,0,0,0,-3,1
1,1,0,0,0,0,1,0,0,0,0,1,0,0,4,0,1
2,1,0,0,0,0,1,0,0,0,0,1,0,30.3,4,0,1
3,1,0,0,0,0,1,0,0,0,0,1,0,30.3,4,-5.5,1
4,1,0,0,0,0,1,0,0,0,0,1,0,30.3,4,-5.5,1
5,1,0,0,0,0,1,0,0,0,0,1,0,30.3,4,-5.5,1
6,1,0,0,0,0,1,0,0,0,0,1,0,0,0,-3,1
1,1,0,0,0,0,1,0,0,0,0,1,0,0,6,0,1
2,1,0,0,0,0,1,0,0,0,0,1,0,30.3,6,0,1
3,1,0,0,0,0,1,0,0,0,0,1,0,30.3,6,-5.5,1
4,1,0,0,0,0,1,0,0,0,0,1,0,30.3,6,-5.5,1
5,1,0,0,0,0,1,0,0,0,0,1,0,30.3,6,-5.5,1
6,1,0,0,0,0,1,0,0,0,0,1,0,0,0,-3,1
1,1,0,0,0,0,1,0,0,0,0,1,0,0,8,0,1
2,1,0,0,0,0,1,0,0,0,0,1,0,30.3,8,0,1
3,1,0,0,0,0,1,0,0,0,0,1,0,30.3,8,-5.5,1
4,1,0,0,0,0,1,0,0,0,0,1,0,30.3,8,-5.5,1
5,1,0,0,0,0,1,0,0,0,0,1,0,30.3,8,-5.5,1
6,1,0,0,0,0,1,0,0,0,0,1,0,0,0,-3,1
1,1,0,0,0,0,1,0,0,0,0,1,0,0,9,0,1
2,1,0,0,0,0,1,0,0,0,0,1,0,30.3,9,0,1
3,1,0,0,0,0,1,0,0,0,0,1,0,30.3,9,-5.5,1
4,1,0,0,0,0,1,0,0,0,0,1,0,30.3,9,-5.5,1
5,1,0,0,0,0,1,0,0,0,0,1,0,30.3,9,-5.5,1
6,1,0,0,0,0,1,0,0,0,0,1,0,0,0,-3,1
1,1,0,0,0,0,1,0,0,0,0,1,0,0,10,0,1
2,1,0,0,0,0,1,0,0,0,0,1,0,30.3,10,0,1
3,1,0,0,0,0,1,0,0,0,0,1,0,30.3,10,-5.5,1
4,1,0,0,0,0,1,0,0,0,0,1,0,30.3,10,-5.5,1
5,1,0,0,0,0,1,0,0,0,0,1,0,30.3,10,-5.5,1
6,1,0,0,0,0,1,0,0,0,0,1,0,0,0,-3,1
1,1,0,0,0,0,1,0,0,0,0,1,0,0,10,0,1
2,1,0,0,0,0,1,0,0,0,0,1,0,30.3,10,0,1
3,1,0,0,0,0,1,0,0,0,0,1,0,30.3,10,-6.5,1
4,1,0,0,0,0,1,0,0,0,0,1,0,30.3,10,-6.5,1
5,1,0,0,0,0,1,0,0,0,0,1,0,30.3,10,-6.5,1
6,1,0,0,0,0,1,0,0,0,0,1,0,0,0,-3,1
1,1,0,0,0,0,1,0,0,0,0,1,0,0,10,0,1
2,1,0,0,0,0,1,0,0,0,0,1,0,30.3,10,0,1
3,1,0,0,0,0,1,0,0,0,0,1,0,30.3,10,-7.6,1
4,1,0,0,0,0,1,0,0,0,0,1,0,30.3,10,-7.6,1
5,1,0,0,0,0,1,0,0,0,0,1,0,30.3,10,-7.6,1
6,1,0,0,0,0,1,0,0,0,0,1,0,0,0,-3,1
1,1,0,0,0,0,1,0,0,0,0,1,0,0,10,0,1
2,1,0,0,0,0,1,0,0,0,0,1,0,30.3,10,0,1
3,1,0,0,0,0,1,0,0,0,0,1,0,30.3,10,-7.6,1
4,1,0,0,0,0,1,0,0,0,0,1,0,30.3,10,-7.6,1
5,1,0,0,0,0,1,0,0,0,0,1,0,30.3,10,-7.6,1
6,1,0,0,0,0,1,0,0,0,0,1,0,0,0,-3,1
1,1,0,0,0,0,1,0,0,0,0,1,0,0,10,0,1
2,1,0,0,0,0,1,0,0,0,0,1,0,30.3,10,0,1
3,1,0,0,0,0,1,0,0,0,0,1,0,30.3,10,-7.6,1
4,1,0,0,0,0,1,0,0,0,0,1,0,30.3,10,-7.6,1
5,1,0,0,0,0,1,0,0,0,0,1,0,30.3,10,-7.6,1
6,1,0,0,0,0,1,0,0,0,0,1,0,0,0,-3,1
1,1,0,0,0,0,1,0,0,0,0,1,0,0,10,0,1
2,1,0,0,0,0,1,0,0,0,0,1,0,30.3,10,0,1
3,1,0,0,0,0,1,0,0,0,0,1,0,30.3,10,-6.5,1
4,1,0,0,0,0,1,0,0,0,0,1,0,30.3,10,-6.5,1
5,1,0,0,0,0,1,0,0,0,0,1,0,30.3,10,-6.5,1
6,1,0,0,0,0,1,0,0,0,0,1,0,0,0,-3,1
1,1,0,0,0,0,1,0,0,0,0,1,0,0,10,0,1
2,1,0,0,0,0,1,0,0,0,0,1,0,30.3,10,0,1
3,1,0,0,0,0,1,0,0,0,0,1,0,30.3,10,-5.5,1
4,1,0,0,0,0,1,0,0,0,0,1,0,30.3,10,-5.5,1
5,1,0,0,0,0,1,0,0,0,0,1,0,30.3,10,-5.5,1
6,1,0,0,0,0,1,0,0,0,0,1,0,0,0,-3,1
1,1,0,0,0,0,1,0,0,0,0,1,0,0,11,0,1
2,1,0,0,0,0,1,0,0,0,0,1,0,29.3,11,0,1
3,1,0,0,0,0,1,0,0,0,0,1,0,29.3,11,-5.5,1
4,1,0,0,0,0,1,0,0,0,0,1,0,29.3,11,-5.5,1
5,1,0,0,0,0,1,0,0,0,0,1,0,29.3,11,-5.5,1
6,1,0,0,0,0,1,0,0,0,0,1,0,0,0,-3,1
1,1,0,0,0,0,1,0,0,0,0,1,0,0,12,0,1
2,1,0,0,0,0,1,0,0,0,0,1,0,28.3,12,0,1
3,1,0,0,0,0,1,0,0,0,0,1,0,28.3,12,-5.5,1
4,1,0,0,0,0,1,0,0,0,0,1,0,28.3,12,-5.5,1
5,1,0,0,0,0,1,0,0,0,0,1,0,28.3,12,-5.5,1
6,1,0,0,0,0,1,0,0,0,0,1,0,0,0,-3,1
1,1,0,0,0,0,1,0,0,0,0,1,0,0,12,0,1
2,1,0,0,0,0,1,0,0,0,0,1,0,26.3,12,0,1
3,1,0,0,0,0,1,0,0,0,0,1,0,26.3,12,-5.5,1
4,1,0,0,0,0,1,0,0,0,0,1,0,26.3,12,-5.5,1
5,1,0,0,0,0,1,0,0,0,0,1,0,26.3,12,-5.5,1
6,1,0,0,0,0,1,0,0,0,0,1,0,0,0,-3,1
1,1,0,0,0,0,1,0,0,0,0,1,0,0,12,0,1
2,1,0,0,0,0,1,0,0,0,0,1,0,24.3,12,0,1
3,1,0,0,0,0,1,0,0,0,0,1,0,24.3,12,-5.5,1
4,1,0,0,0,0,1,0,0,0,0,1,0,24.3,12,-5.5,1
5,1,0,0,0,0,1,0,0,0,0,1,0,24.3,12,-5.5,1
6,1,0,0,0,0,1,0,0,0,0,1,0,0,0,-3,1
1,1,0,0,0,0,1,0,0,0,0,1,0,0,12,0,1
2,1,0,0,0,0,1,0,0,0,0,1,0,22.3,12,0,1
3,1,0,0,0,0,1,0,0,0,0,1,0,22.3,12,-5.5,1
4,1,0,0,0,0,1,0,0,0,0,1,0,22.3,12,-5.5,1
5,1,0,0,0,0,1,0,0,0,0,1,0,22.3,12,-5.5,1
6,1,0,0,0,0,1,0,0,0,0,1,0,0,0,-3,1
1,1,0,0,0,0,1,0,0,0,0,1,0,0,12,0,1
2,1,0,0,0,0,1,0,0,0,0,1,0,20.3,12,0,1
3,1,0,0,0,0,1,0,0,0,0,1,0,20.3,12,-5.5,1
4,1,0,0,0,0,1,0,0,0,0,1,0,20.3,12,-5.5,1
5,1,0,0,0,0,1,0,0,0,0,1,0,20.3,12,-5.5,1
6,1,0,0,0,0,1,0,0,0,0,1,0,0,0,-3,1
1,1,0,0,0,0,1,0,0,0,0,1,0,0,12,0,1
2,1,0,0,0,0,1,0,0,0,0,1,0,18.3,12,0,1
3,1,0,0,0,0,1,0,0,0,0,1,0,18.3,12,-5.5,1
4,1,0,0,0,0,1,0,0,0,0,1,0,18.3,12,-5.5,1
5,1,0,0,0,0,1,0,0,0,0,1,0,18.3,12,-5.5,1
6,1,0,0,0,0,1,0,0,0,0,1,0,0,0,-3,1
1,1,0,0,0,0,1,0,0,0,0,1,0,0,12,0,1
2,1,0,0,0,0,1,0,0,0,0,1,0,16.3,12,0,1
3,1,0,0,0,0,1,0,0,0,0,1,0,16.3,12,-5.5,1
4,1,0,0,0,0,1,0,0,0,0,1,0,16.3,12,-5.5,1
5,1,0,0,0,0,1,0,0,0,0,1,0,16.3,12,-5.5,1
6,1,0,0,0,0,1,0,0,0,0,1,0,0,0,-3,1
1,1,0,0,0,0,1,0,0,0,0,1,0,0,12,0,1
2,1,0,0,0,0,1,0,0,0,0,1,0,14.3,12,0,1
3,1,0,0,0,0,1,0,0,0,0,1,0,14.3,12,-5.5,1
4,1,0,0,0,0,1,0,0,0,0,1,0,14.3,12,-5.5,1
5,1,0,0,0,0,1,0,0,0,0,1,0,14.3,12,-5.5,1
6,1,0,0,0,0,1,0,0,0,0,1,0,0,0,-3,1
1,1,0,0,0,0,1,0,0,0,0,1,0,0,11,0,1
2,1,0,0,0,0,1,0,0,0,0,1,0,12.3,11,0,1
3,1,0,0,0,0,1,0,0,0,0,1,0,12.3,11,-5.5,1
4,1,0,0,0,0,1,0,0,0,0,1,0,12.3,11,-5.5,1
5,1,0,0,0,0,1,0,0,0,0,1,0,12.3,11,-5.5,1
6,1,0,0,0,0,1,0,0,0,0,1,0,0,0,-3,1
1,1,0,0,0,0,1,0,0,0,0,1,0,0,10,0,1
2,1,0,0,0,0,1,0,0,0,0,1,0,12.8,10,0,1
3,1,0,0,0,0,1,0,0,0,0,1,0,12.8,10,-6.6,1
4,1,0,0,0,0,1,0,0,0,0,1,0,12.8,10,-6.6,1
5,1,0,0,0,0,1,0,0,0,0,1,0,12.8,10,-6.6,1
6,1,0,0,0,0,1,0,0,0,0,1,0,0,0,-3,1
1,1,0,0,0,0,1,0,0,0,0,1,0,0,10,0,1
2,1,0,0,0,0,1,0,0,0,0,1,0,12.8,10,0,1
3,1,0,0,0,0,1,0,0,0,0,1,0,12.8,10,-7.6,1
4,1,0,0,0,0,1,0,0,0,0,1,0,12.8,10,-7.6,1
5,1,0,0,0,0,1,0,0,0,0,1,0,12.8,10,-7.6,1
6,1,0,0,0,0,1,0,0,0,0,1,0,0,0,-3,1
1,1,0,0,0,0,1,0,0,0,0,1,0,0,10,0,1
2,1,0,0,0,0,1,0,0,0,0,1,0,12.8,10,0,1
3,1,0,0,0,0,1,0,0,0,0,1,0,12.8,10,-7.6,1
4,1,0,0,0,0,1,0,0,0,0,1,0,12.8,10,-7.6,1
5,1,0,0,0,0,1,0,0,0,0,1,0,12.8,10,-7.6,1
6,1,0,0,0,0,1,0,0,0,0,1,0,0,0,-3,1
1,1,0,0,0,0,1,0,0,0,0,1,0,0,10,0,1
2,1,0,0,0,0,1,0,0,0,0,1,0,12.8,10,0,1
3,1,0,0,0,0,1,0,0,0,0,1,0,12.8,10,-7.6,1
4,1,0,0,0,0,1,0,0,0,0,1,0,12.8,10,-7.6,1
5,1,0,0,0,0,1,0,0,0,0,1,0,12.8,10,-7.6,1
6,1,0,0,0,0,1,0,0,0,0,1,0,0,0,-3,1
1,1,0,0,0,0,1,0,0,0,0,1,0,0,10,0,1
2,1,0,0,0,0,1,0,0,0,0,1,0,12.8,10,0,1
3,1,0,0,0,0,1,0,0,0,0,1,0,12.8,10,-6.6,1
4,1,0,0,0,0,1,0,0,0,0,1,0,12.8,10,-6.6,1
5,1,0,0,0,0,1,0,0,0,0,1,0,12.8,10,-6.6,1
6,1,0,0,0,0,1,0,0,0,0,1,0,0,0,-3,1
1,1,0,0,0,0,1,0,0,0,0,1,0,0,10,0,1
2,1,0,0,0,0,1,0,0,0,0,1,0,12.8,10,0,1
3,1,0,0,0,0,1,0,0,0,0,1,0,12.8,10,-5.5,1
4,1,0,0,0,0,1,0,0,0,0,1,0,12.8,10,-5.5,1
5,1,0,0,0,0,1,0,0,0,0,1,0,12.8,10,-5.5,1
6,1,0,0,0,0,1,0,0,0,0,1,0,0,0,-3,1
1,1,0,0,0,0,1,0,0,0,0,1,0,0,9,0,1
2,1,0,0,0,0,1,0,0,0,0,1,0,11.8,9,0,1
3,1,0,0,0,0,1,0,0,0,0,1,0,11.8,9,-5.5,1
4,1,0,0,0,0,1,0,0,0,0,1,0,11.8,9,-5.5,1
5,1,0,0,0,0,1,0,0,0,0,1,0,11.8,9,-5.5,1
6,1,0,0,0,0,1,0,0,0,0,1,0,0,0,-3,1
1,1,0,0,0,0,1,0,0,0,0,1,0,0,8,0,1
2,1,0,0,0,0,1,0,0,0,0,1,0,10.8,8,0,1
3,1,0,0,0,0,1,0,0,0,0,1,0,10.8,8,-5.5,1
4,1,0,0,0,0,1,0,0,0,0,1,0,10.8,8,-5.5,1
5,1,0,0,0,0,1,0,0,0,0,1,0,10.8,8,-5.5,1
6,1,0,0,0,0,1,0,0,0,0,1,0,0,0,-3,1
1,1,0,0,0,0,1,0,0,0,0,1,0,0,6,0,1
2,1,0,0,0,0,1,0,0,0,0,1,0,9.2,6,0,1
3,1,0,0,0,0,1,0,0,0,0,1,0,9.2,6,-5.5,1
4,1,0,0,0,0,1,0,0,0,0,1,0,9.2,6,-5.5,1
5,1,0,0,0,0,1,0,0,0,0,1,0,9.2,6,-5.5,1
6,1,0,0,0,0,1,0,0,0,0,1,0,0,0,-3,1
1,1,0,0,0,0,1,0,0,0,0,1,0,0,4,0,1
2,1,0,0,0,0,1,0,0,0,0,1,0,9.2,4,0,1
3,1,0,0,0,0,1,0,0,0,0,1,0,9.2,4,-6.5,1
4,1,0,0,0,0,1,0,0,0,0,1,0,9.2,4,-6.5,1
5,1,0,0,0,0,1,0,0,0,0,1,0,9.2,4,-6.5,1
6,1,0,0,0,0,1,0,0,0,0,1,0,0,0,-3,1
1,1,0,0,0,0,1,0,0,0,0,1,0,0,2,0,1
2,1,0,0,0,0,1,0,0,0,0,1,0,9.2,2,0,1
3,1,0,0,0,0,1,0,0,0,0,1,0,9.2,2,-7.5,1
4,1,0,0,0,0,1,0,0,0,0,1,0,9.2,2,-7.5,1
5,1,0,0,0,0,1,0,0,0,0,1,0,9.2,2,-7.5,1
6,1,0,0,0,0,1,0,0,0,0,1,0,0,0,-3,1
1,1,0,0,0,0,1,0,0,0,0,1,0,0,0,0,1
2,1,0,0,0,0,1,0,0,0,0,1,0,9.2,0,0,1
3,1,0,0,0,0,1,0,0,0,0,1,0,9.2,0,-8.5,1
4,1,0,0,0,0,1,0,0,0,0,1,0,9.2,0,-8.5,1
5,1,0,0,0,0,1,0,0,0,0,1,0,9.2,0,-8.5,1
6,1,0,0,0,0,1,0,0,0,0,1,0,0,0,-3,1
1,1,0,0,0,0,1,0,0,0,0,1,0,0,-2,0,1
2,1,0,0,0,0,1,0,0,0,0,1,0,9.2,-2,0,1
3,1,0,0,0,0,1,0,0,0,0,1,0,9.2,-2,-8.8,1
4,1,0,0,0,0,1,0,0,0,0,1,0,9.2,-2,-8.8,1
5,1,0,0,0,0,1,0,0,0,0,1,0,9.2,-2,-8.8,1
6,1,0,0,0,0,1,0,0,0,0,1,0,0,0,-3,1
1,1,0,0,0,0,1,0,0,0,0,1,0,0,-4,0,1
2,1,0,0,0,0,1,0,0,0,0,1,0,9.2,-4,0,1
3,1,0,0,0,0,1,0,0,0,0,1,0,9.2,-4,-8.8,1
4,1,0,0,0,0,1,0,0,0,0,1,0,9.2,-4,-8.8,1
5,1,0,0,0,0,1,0,0,0,0,1,0,9.2,-4,-8.8,1
6,1,0,0,0,0,1,0,0,0,0,1,0,0,0,-3,1
1,1,0,0,0,0,1,0,0,0,0,1,0,0,-6,0,1
2,1,0,0,0,0,1,0,0,0,0,1,0,9.2,-6,0,1
3,1,0,0,0,0,1,0,0,0,0,1,0,9.2,-6,-8.8,1
4,1,0,0,0,0,1,0,0,0,0,1,0,9.2,-6,-8.8,1
5,1,0,0,0,0,1,0,0,0,0,1,0,9.2,-6,-8.8,1
6,1,0,0,0,0,1,0,0,0,0,1,0,0,0,-3,1
1,1,0,0,0,0,1,0,0,0,0,1,0,0,-6.5,0,1
2,1,0,0,0,0,1,0,0,0,0,1,0,9.2,-6.5,0,1
3,1,0,0,0,0,1,0,0,0,0,1,0,9.2,-6.5,-8.8,1
4,1,0,0,0,0,1,0,0,0,0,1,0,9.2,-6.5,-8.8,1
5,1,0,0,0,0,1,0,0,0,0,1,0,9.2,-6.5,-8.8,1
6,1,0,0,0,0,1,0,0,0,0,1,0,0,0,-3,1
1,1,0,0,0,0,1,0,0,0,0,1,0,0,-6.5,0,1
2,1,0,0,0,0,1,0,0,0,0,1,0,10.2,-6.5,0,1
3,1,0,0,0,0,1,0,0,0,0,1,0,10.2,-6.5,-8.8,1
4,1,0,0,0,0,1,0,0,0,0,1,0,10.2,-6.5,-8.8,1
5,1,0,0,0,0,1,0,0,0,0,1,0,10.2,-6.5,-8.8,1
6,1,0,0,0,0,1,0,0,0,0,1,0,0,0,-3,1
1,1,0,0,0,0,1,0,0,0,0,1,0,0,-6.5,0,1
2,1,0,0,0,0,1,0,0,0,0,1,0,11.2,-6.5,0,1
3,1,0,0,0,0,1,0,0,0,0,1,0,11.2,-6.5,-8.8,1
4,1,0,0,0,0,1,0,0,0,0,1,0,11.2,-6.5,-8.8,1
5,1,0,0,0,0,1,0,0,0,0,1,0,11.2,-6.5,-8.8,1
6,1,0,0,0,0,1,0,0,0,0,1,0,0,0,-3,1
1,1,0,0,0,0,1,0,0,0,0,1,0,0,-6.5,0,1
2,1,0,0,0,0,1,0,0,0,0,1,0,11.2,-6.5,0,1
3,1,0,0,0,0,1,0,0,0,0,1,0,11.2,-6.5,-8.8,1
4,1,0,0,0,0,1,0,0,0,0,1,0,11.2,-6.5,-8.8,1
5,1,0,0,0,0,1,0,0,0,0,1,0,11.2,-6.5,-8.8,1
6,1,0,0,0,0,1,0,0,0,0,1,0,0,0,-3,1
1,1,0,0,0,0,1,0,0,0,0,1,0,0,-6.5,0,1
2,1,0,0,0,0,1,0,0,0,0,1,0,11.2,-6.5,0,1
3,1,0,0,0,0,1,0,0,0,0,1,0,11.2,-6.5,-8.8,1
4,1,0,0,0,0,1,0,0,0,0,1,0,11.2,-6.5,-8.8,1
5,1,0,0,0,0,1,0,0,0,0,1,0,11.2,-6.5,-8.8,1
6,1,0,0,0,0,1,0,0,0,0,1,0,0,0,-3,1
1,1,0,0,0,0,1,0,0,0,0,1,0,0,-6.5,0,1
2,1,0,0,0,0,1,0,0,0,0,1,0,10.2,-6.5,0,1
3,1,0,0,0,0,1,0,0,0,0,1,0,10.2,-6.5,-8.8,1
4,1,0,0,0,0,1,0,0,0,0,1,0,10.2,-6.5,-8.8,1
5,1,0,0,0,0,1,0,0,0,0,1,0,10.2,-6.5,-8.8,1
6,1,0,0,0,0,1,0,0,0,0,1,0,0,0,-3,1
1,1,0,0,0,0,1,0,0,0,0,1,0,0,-6.5,0,1
2,1,0,0,0,0,1,0,0,0,0,1,0,9.2,-6.5,0,1
3,1,0,0,0,0,1,0,0,0,0,1,0,9.2,-6.5,-8.8,1
4,1,0,0,0,0,1,0,0,0,0,1,0,9.2,-6.5,-8.8,1
5,1,0,0,0,0,1,0,0,0,0,1,0,9.2,-6.5,-8.8,1
6,1,0,0,0,0,1,0,0,0,0,1,0,0,0,-3,1
1,1,0,0,0,0,1,0,0,0,0,1,0,0,-5.5,0,1
2,1,0,0,0,0,1,0,0,0,0,1,0,9.2,-5.5,0,1
3,1,0,0,0,0,1,0,0,0,0,1,0,9.2,-5.5,-8.8,1
4,1,0,0,0,0,1,0,0,0,0,1,0,9.2,-5.5,-8.8,1
5,1,0,0,0,0,1,0,0,0,0,1,0,9.2,-5.5,-8.8,1
6,1,0,0,0,0,1,0,0,0,0,1,0,0,0,-3,1
1,1,0,0,0,0,1,0,0,0,0,1,0,0,-4.5,0,1
2,1,0,0,0,0,1,0,0,0,0,1,0,9.2,-4.5,0,1
3,1,0,0,0,0,1,0,0,0,0,1,0,9.2,-4.5,-8.8,1
4,1,0,0,0,0,1,0,0,0,0,1,0,9.2,-4.5,-8.8,1
5,1,0,0,0,0,1,0,0,0,0,1,0,9.2,-4.5,-8.8,1
6,1,0,0,0,0,1,0,0,0,0,1,0,0,0,-3,1
1,1,0,0,0,0,1,0,0,0,0,1,0,0,-2.5,0,1
2,1,0,0,0,0,1,0,0,0,0,1,0,9.2,-2.5,0,1
3,1,0,0,0,0,1,0,0,0,0,1,0,9.2,-2.5,-8.8,1
4,1,0,0,0,0,1,0,0,0,0,1,0,9.2,-2.5,-8.8,1
5,1,0,0,0,0,1,0,0,0,0,1,0,9.2,-2.5,-8.8,1
6,1,0,0,0,0,1,0,0,0,0,1,0,0,0,-3,1
1,1,0,0,0,0,1,0,0,0,0,1,0,0,-0.5,0,1
2,1,0,0,0,0,1,0,0,0,0,1,0,9.2,-0.5,0,1
3,1,0,0,0,0,1,0,0,0,0,1,0,9.2,-0.5,-8.8,1
4,1,0,0,0,0,1,0,0,0,0,1,0,9.2,-0.5,-8.8,1
5,1,0,0,0,0,1,0,0,0,0,1,0,9.2,-0.5,-8.8,1
6,1,0,0,0,0,1,0,0,0,0,1,0,0,0,-3,1
1,1,0,0,0,0,1,0,0,0,0,1,0,0,1,0,1
2,1,0,0,0,0,1,0,0,0,0,1,0,9.2,1,0,1
3,1,0,0,0,0,1,0,0,0,0,1,0,9.2,1,-8.8,1
4,1,0,0,0,0,1,0,0,0,0,1,0,9.2,1,-8.8,1
5,1,0,0,0,0,1,0,0,0,0,1,0,9.2,1,-8.8,1
6,1,0,0,0,0,1,0,0,0,0,1,0,0,0,-3,1
1,1,0,0,0,0,1,0,0,0,0,1,0,0,1,0,1
2,1,0,0,0,0,1,0,0,0,0,1,0,10.2,1,0,1
3,1,0,0,0,0,1,0,0,0,0,1,0,10.2,1,-8.8,1
4,1,0,0,0,0,1,0,0,0,0,1,0,10.2,1,-8.8,1
5,1,0,0,0,0,1,0,0,0,0,1,0,10.2,1,-8.8,1
6,1,0,0,0,0,1,0,0,0,0,1,0,0,0,-3,1
1,1,0,0,0,0,1,0,0,0,0,1,0,0,1,0,1
2,1,0,0,0,0,1,0,0,0,0,1,0,11.2,1,0,1
3,1,0,0,0,0,1,0,0,0,0,1,0,11.2,1,-8.8,1
4,1,0,0,0,0,1,0,0,0,0,1,0,11.2,1,-8.8,1
5,1,0,0,0,0,1,0,0,0,0,1,0,11.2,1,-8.8,1
6,1,0,0,0,0,1,0,0,0,0,1,0,0,0,-3,1
1,1,0,0,0,0,1,0,0,0,0,1,0,0,1,0,1
2,1,0,0,0,0,1,0,0,0,0,1,0,11.2,1,0,1
3,1,0,0,0,0,1,0,0,0,0,1,0,11.2,1,-8.8,1
4,1,0,0,0,0,1,0,0,0,0,1,0,11.2,1,-8.8,1
5,1,0,0,0,0,1,0,0,0,0,1,0,11.2,1,-8.8,1
6,1,0,0,0,0,1,0,0,0,0,1,0,0,0,-3,1
1,1,0,0,0,0,1,0,0,0,0,1,0,0,1,0,1
2,1,0,0,0,0,1,0,0,0,0,1,0,11.2,1,0,1
3,1,0,0,0,0,1,0,0,0,0,1,0,11.2,1,-8.8,1
4,1,0,0,0,0,1,0,0,0,0,1,0,11.2,1,-8.8,1
5,1,0,0,0,0,1,0,0,0,0,1,0,11.2,1,-8.8,1
6,1,0,0,0,0,1,0,0,0,0,1,0,0,0,-3,1
1,1,0,0,0,0,1,0,0,0,0,1,0,0,1,0,1
2,1,0,0,0,0,1,0,0,0,0,1,0,10.2,1,0,1
3,1,0,0,0,0,1,0,0,0,0,1,0,10.2,1,-8.8,1
4,1,0,0,0,0,1,0,0,0,0,1,0,10.2,1,-8.8,1
5,1,0,0,0,0,1,0,0,0,0,1,0,10.2,1,-8.8,1
6,1,0,0,0,0,1,0,0,0,0,1,0,0,0,-3,1
1,1,0,0,0,0,1,0,0,0,0,1,0,0,1,0,1
2,1,0,0,0,0,1,0,0,0,0,1,0,9.2,1,0,1
3,1,0,0,0,0,1,0,0,0,0,1,0,9.2,1,-8.8,1
4,1,0,0,0,0,1,0,0,0,0,1,0,9.2,1,-8.8,1
5,1,0,0,0,0,1,0,0,0,0,1,0,9.2,1,-8.8,1
6,1,0,0,0,0,1,0,0,0,0,1,0,0,0,-3,1
1,1,0,0,0,0,1,0,0,0,0,1,0,0,2,0,1
2,1,0,0,0,0,1,0,0,0,0,1,0,9.2,2,0,1
3,1,0,0,0,0,1,0,0,0,0,1,0,9.2,2,-8.8,1
4,1,0,0,0,0,1,0,0,0,0,1,0,9.2,2,-8.8,1
5,1,0,0,0,0,1,0,0,0,0,1,0,9.2,2,-8.8,1
6,1,0,0,0,0,1,0,0,0,0,1,0,0,0,-3,1
1,1,0,0,0,0,1,0,0,0,0,1,0,0,3,0,1
2,1,0,0,0,0,1,0,0,0,0,1,0,9.2,3,0,1
3,1,0,0,0,0,1,0,0,0,0,1,0,9.2,3,-8.8,1
4,1,0,0,0,0,1,0,0,0,0,1,0,9.2,3,-8.8,1
5,1,0,0,0,0,1,0,0,0,0,1,0,9.2,3,-8.8,1
6,1,0,0,0,0,1,0,0,0,0,1,0,0,0,-3,1
1,1,0,0,0,0,1,0,0,0,0,1,0,0,5,0,1
2,1,0,0,0,0,1,0,0,0,0,1,0,9.2,5,0,1
3,1,0,0,0,0,1,0,0,0,0,1,0,9.2,5,-8.8,1
4,1,0,0,0,0,1,0,0,0,0,1,0,9.2,5,-8.8,1
5,1,0,0,0,0,1,0,0,0,0,1,0,9.2,5,-8.8,1
6,1,0,0,0,0,1,0,0,0,0,1,0,0,0,-3,1
1,1,0,0,0,0,1,0,0,0,0,1,0,0,7,0,1
2,1,0,0,0,0,1,0,0,0,0,1,0,9.2,7,0,1
3,1,0,0,0,0,1,0,0,0,0,1,0,9.2,7,-8.8,1
4,1,0,0,0,0,1,0,0,0,0,1,0,9.2,7,-8.8,1
5,1,0,0,0,0,1,0,0,0,0,1,0,9.2,7,-8.8,1
6,1,0,0,0,0,1,0,0,0,0,1,0,0,0,-3,1
1,1,0,0,0,0,1,0,0,0,0,1,0,0,8,0,1
2,1,0,0,0,0,1,0,0,0,0,1,0,9.2,8,0,1
3,1,0,0,0,0,1,0,0,0,0,1,0,9.2,8,-8.8,1
4,1,0,0,0,0,1,0,0,0,0,1,0,9.2,8,-8.8,1
5,1,0,0,0,0,1,0,0,0,0,1,0,9.2,8,-8.8,1
6,1,0,0,0,0,1,0,0,0,0,1,0,0,0,-3,1
1,1,0,0,0,0,1,0,0,0,0,1,0,0,8.5,0,1
2,1,0,0,0,0,1,0,0,0,0,1,0,9.2,8.5,0,1
3,1,0,0,0,0,1,0,0,0,0,1,0,9.2,8.5,-8.8,1
4,1,0,0,0,0,1,0,0,0,0,1,0,9.2,8.5,-8.8,1
5,1,0,0,0,0,1,0,0,0,0,1,0,9.2,8.5,-8.8,1
6,1,0,0,0,0,1,0,0,0,0,1,0,0,0,-3,1
1,1,0,0,0,0,1,0,0,0,0,1,0,0,8.5,0,1
2,1,0,0,0,0,1,0,0,0,0,1,0,10.2,8.5,0,1
3,1,0,0,0,0,1,0,0,0,0,1,0,10.2,8.5,-8.8,1
4,1,0,0,0,0,1,0,0,0,0,1,0,10.2,8.5,-8.8,1
5,1,0,0,0,0,1,0,0,0,0,1,0,10.2,8.5,-8.8,1
6,1,0,0,0,0,1,0,0,0,0,1,0,0,0,-3,1
1,1,0,0,0,0,1,0,0,0,0,1,0,0,8.5,0,1
2,1,0,0,0,0,1,0,0,0,0,1,0,11.2,8.5,0,1
3,1,0,0,0,0,1,0,0,0,0,1,0,11.2,8.5,-8.8,1
4,1,0,0,0,0,1,0,0,0,0,1,0,11.2,8.5,-8.8,1
5,1,0,0,0,0,1,0,0,0,0,1,0,11.2,8.5,-8.8,1
6,1,0,0,0,0,1,0,0,0,0,1,0,0,0,-3,1
1,1,0,0,0,0,1,0,0,0,0,1,0,0,8.5,0,1
2,1,0,0,0,0,1,0,0,0,0,1,0,11.2,8.5,0,1
3,1,0,0,0,0,1,0,0,0,0,1,0,11.2,8.5,-8.8,1
4,1,0,0,0,0,1,0,0,0,0,1,0,11.2,8.5,-8.8,1
5,1,0,0,0,0,1,0,0,0,0,1,0,11.2,8.5,-8.8,1
6,1,0,0,0,0,1,0,0,0,0,1,0,0,0,-3,1
1,1,0,0,0,0,1,0,0,0,0,1,0,0,8.5,0,1
2,1,0,0,0,0,1,0,0,0,0,1,0,11.2,8.5,0,1
3,1,0,0,0,0,1,0,0,0,0,1,0,11.2,8.5,-8.8,1
4,1,0,0,0,0,1,0,0,0,0,1,0,11.2,8.5,-8.8,1
5,1,0,0,0,0,1,0,0,0,0,1,0,11.2,8.5,-8.8,1
6,1,0,0,0,0,1,0,0,0,0,1,0,0,0,-3,1
1,1,0,0,0,0,1,0,0,0,0,1,0,0,8.5,0,1
2,1,0,0,0,0,1,0,0,0,0,1,0,10.2,8.5,0,1
3,1,0,0,0,0,1,0,0,0,0,1,0,10.2,8.5,-8.8,1
4,1,0,0,0,0,1,0,0,0,0,1,0,10.2,8.5,-8.8,1
5,1,0,0,0,0,1,0,0,0,0,1,0,10.2,8.5,-8.8,1
6,1,0,0,0,0,1,0,0,0,0,1,0,0,0,-3,1
1,1,0,0,0,0,1,0,0,0,0,1,0,0,8.5,0,1
2,1,0,0,0,0,1,0,0,0,0,1,0,9.2,8.5,0,1
3,1,0,0,0,0,1,0,0,0,0,1,0,9.2,8.5,-8.8,1
4,1,0,0,0,0,1,0,0,0,0,1,0,9.2,8.5,-8.8,1
5,1,0,0,0,0,1,0,0,0,0,1,0,9.2,8.5,-8.8,1
6,1,0,0,0,0,1,0,0,0,0,1,0,0,0,-3,1
1,1,0,0,0,0,1,0,0,0,0,1,0,0,9.5,0,1
2,1,0,0,0,0,1,0,0,0,0,1,0,9.2,9.5,0,1
3,1,0,0,0,0,1,0,0,0,0,1,0,9.2,9.5,-8.8,1
4,1,0,0,0,0,1,0,0,0,0,1,0,9.2,9.5,-8.8,1
5,1,0,0,0,0,1,0,0,0,0,1,0,9.2,9.5,-8.8,1
6,1,0,0,0,0,1,0,0,0,0,1,0,0,0,-3,1
1,1,0,0,0,0,1,0,0,0,0,1,0,0,10.5,0,1
2,1,0,0,0,0,1,0,0,0,0,1,0,9.2,10.5,0,1
3,1,0,0,0,0,1,0,0,0,0,1,0,9.2,10.5,-8.8,1
4,1,0,0,0,0,1,0,0,0,0,1,0,9.2,10.5,-8.8,1
5,1,0,0,0,0,1,0,0,0,0,1,0,9.2,10.5,-8.8,1
6,1,0,0,0,0,1,0,0,0,0,1,0,0,0,-3,1
1,1,0,0,0,0,1,0,0,0,0,1,0,0,12.5,0,1
2,1,0,0,0,0,1,0,0,0,0,1,0,9.2,12.5,0,1
3,1,0,0,0,0,1,0,0,0,0,1,0,9.2,12.5,-8.8,1
4,1,0,0,0,0,1,0,0,0,0,1,0,9.2,12.5,-8.8,1
5,1,0,0,0,0,1,0,0,0,0,1,0,9.2,12.5,-8.8,1
6,1,0,0,0,0,1,0,0,0,0,1,0,0,0,-3,1
1,1,0,0,0,0,1,0,0,0,0,1,0,0,13.2,0,1
2,1,0,0,0,0,1,0,0,0,0,1,0,9.2,13.2,0,1
3,1,0,0,0,0,1,0,0,0,0,1,0,9.2,13.2,-8.8,1
4,1,0,0,0,0,1,0,0,0,0,1,0,9.2,13.2,-8.8,1
5,1,0,0,0,0,1,0,0,0,0,1,0,9.2,13.2,-8.8,1
6,1,0,0,0,0,1,0,0,0,0,1,0,0,0,-3,1
1,1,0,0,0,0,1,0,0,0,0,1,0,0,13.2,0,1
2,1,0,0,0,0,1,0,0,0,0,1,0,10.2,13.2,0,1
3,1,0,0,0,0,1,0,0,0,0,1,0,10.2,13.2,-8.8,1
4,1,0,0,0,0,1,0,0,0,0,1,0,10.2,13.2,-8.8,1
5,1,0,0,0,0,1,0,0,0,0,1,0,10.2,13.2,-8.8,1
6,1,0,0,0,0,1,0,0,0,0,1,0,0,0,-3,1
1,1,0,0,0,0,1,0,0,0,0,1,0,0,13.2,0,1
2,1,0,0,0,0,1,0,0,0,0,1,0,11.2,13.2,0,1
3,1,0,0,0,0,1,0,0,0,0,1,0,11.2,13.2,-8.8,1
4,1,0,0,0,0,1,0,0,0,0,1,0,11.2,13.2,-8.8,1
5,1,0,0,0,0,1,0,0,0,0,1,0,11.2,13.2,-8.8,1
6,1,0,0,0,0,1,0,0,0,0,1,0,0,0,-3,1
1,1,0,0,0,0,1,0,0,0,0,1,0,0,13.2,0,1
2,1,0,0,0,0,1,0,0,0,0,1,0,12.2,13.2,0,1
3,1,0,0,0,0,1,0,0,0,0,1,0,12.2,13.2,-8.8,1
4,1,0,0,0,0,1,0,0,0,0,1,0,12.2,13.2,-8.8,1
5,1,0,0,0,0,1,0,0,0,0,1,0,12.2,13.2,-8.8,1
6,1,0,0,0,0,1,0,0,0,0,1,0,0,0,-3,1
1,1,0,0,0,0,1,0,0,0,0,1,0,0,13.2,0,1
2,1,0,0,0,0,1,0,0,0,0,1,0,12.8,13.2,0,1
3,1,0,0,0,0,1,0,0,0,0,1,0,12.8,13.2,-8.8,1
4,1,0,0,0,0,1,0,0,0,0,1,0,12.8,13.2,-8.8,1
5,1,0,0,0,0,1,0,0,0,0,1,0,12.8,13.2,-8.8,1
6,1,0,0,0,0,1,0,0,0,0,1,0,0,0,-3,1
1,1,0,0,0,0,1,0,0,0,0,1,0,0,12.2,0,1
2,1,0,0,0,0,1,0,0,0,0,1,0,12.8,12.2,0,1
3,1,0,0,0,0,1,0,0,0,0,1,0,12.8,12.2,-8.8,1
4,1,0,0,0,0,1,0,0,0,0,1,0,12.8,12.2,-8.8,1
5,1,0,0,0,0,1,0,0,0,0,1,0,12.8,12.2,-8.8,1
6,1,0,0,0,0,1,0,0,0,0,1,0,0,0,-3,1
1,1,0,0,0,0,1,0,0,0,0,1,0,0,11.2,0,1
2,1,0,0,0,0,1,0,0,0,0,1,0,12.8,11.2,0,1
3,1,0,0,0,0,1,0,0,0,0,1,0,12.8,11.2,-8.8,1
4,1,0,0,0,0,1,0,0,0,0,1,0,12.8,11.2,-8.8,1
5,1,0,0,0,0,1,0,0,0,0,1,0,12.8,11.2,-8.8,1
6,1,0,0,0,0,1,0,0,0,0,1,0,0,0,-3,1
1,1,0,0,0,0,1,0,0,0,0,1,0,0,11.2,0,1
2,1,0,0,0,0,1,0,0,0,0,1,0,12.8,11.2,0,1
3,1,0,0,0,0,1,0,0,0,0,1,0,12.8,11.2,-8.8,1
4,1,0,0,0,0,1,0,0,0,0,1,0,12.8,11.2,-8.8,1
5,1,0,0,0,0,1,0,0,0,0,1,0,12.8,11.2,-8.8,1
6,1,0,0,0,0,1,0,0,0,0,1,0,0,0,-3,1
1,1,0,0,0,0,1,0,0,0,0,1,0,0,11.2,0,1
2,1,0,0,0,0,1,0,0,0,0,1,0,12.8,11.2,0,1
3,1,0,0,0,0,1,0,0,0,0,1,0,12.8,11.2,-8.8,1
4,1,0,0,0,0,1,0,0,0,0,1,0,12.8,11.2,-8.8,1
5,1,0,0,0,0,1,0,0,0,0,1,0,12.8,11.2,-8.8,1
6,1,0,0,0,0,1,0,0,0,0,1,0,0,0,-3,1
1,1,0,0,0,0,1,0,0,0,0,1,0,0,12.2,0,1
2,1,0,0,0,0,1,0,0,0,0,1,0,12.8,12.2,0,1
3,1,0,0,0,0,1,0,0,0,0,1,0,12.8,12.2,-8.8,1
4,1,0,0,0,0,1,0,0,0,0,1,0,12.8,12.2,-8.8,1
5,1,0,0,0,0,1,0,0,0,0,1,0,12.8,12.2,-8.8,1
6,1,0,0,0,0,1,0,0,0,0,1,0,0,0,-3,1
1,1,0,0,0,0,1,0,0,0,0,1,0,0,13.2,0,1
2,1,0,0,0,0,1,0,0,0,0,1,0,12.8,13.2,0,1
3,1,0,0,0,0,1,0,0,0,0,1,0,12.8,13.2,-8.8,1
4,1,0,0,0,0,1,0,0,0,0,1,0,12.8,13.2,-8.8,1
5,1,0,0,0,0,1,0,0,0,0,1,0,12.8,13.2,-8.8,1
6,1,0,0,0,0,1,0,0,0,0,1,0,0,0,-3,1
1,1,0,0,0,0,1,0,0,0,0,1,0,0,13.2,0,1
2,1,0,0,0,0,1,0,0,0,0,1,0,13.8,13.2,0,1
3,1,0,0,0,0,1,0,0,0,0,1,0,13.8,13.2,-8.8,1
4,1,0,0,0,0,1,0,0,0,0,1,0,13.8,13.2,-8.8,1
5,1,0,0,0,0,1,0,0,0,0,1,0,13.8,13.2,-8.8,1
6,1,0,0,0,0,1,0,0,0,0,1,0,0,0,-3,1
1,1,0,0,0,0,1,0,0,0,0,1,0,0,13.2,0,1
2,1,0,0,0,0,1,0,0,0,0,1,0,14.8,13.2,0,1
3,1,0,0,0,0,1,0,0,0,0,1,0,14.8,13.2,-8.8,1
4,1,0,0,0,0,1,0,0,0,0,1,0,14.8,13.2,-8.8,1
5,1,0,0,0,0,1,0,0,0,0,1,0,14.8,13.2,-8.8,1
6,1,0,0,0,0,1,0,0,0,0,1,0,0,0,-3,1
1,1,0,0,0,0,1,0,0,0,0,1,0,0,13.2,0,1
2,1,0,0,0,0,1,0,0,0,0,1,0,16.8,13.2,0,1
3,1,0,0,0,0,1,0,0,0,0,1,0,16.8,13.2,-8.8,1
4,1,0,0,0,0,1,0,0,0,0,1,0,16.8,13.2,-8.8,1
5,1,0,0,0,0,1,0,0,0,0,1,0,16.8,13.2,-8.8,1
6,1,0,0,0,0,1,0,0,0,0,1,0,0,0,-3,1
1,1,0,0,0,0,1,0,0,0,0,1,0,0,13.2,0,1
2,1,0,0,0,0,1,0,0,0,0,1,0,18.8,13.2,0,1
3,1,0,0,0,0,1,0,0,0,0,1,0,18.8,13.2,-8.8,1
4,1,0,0,0,0,1,0,0,0,0,1,0,18.8,13.2,-8.8,1
5,1,0,0,0,0,1,0,0,0,0,1,0,18.8,13.2,-8.8,1
6,1,0,0,0,0,1,0,0,0,0,1,0,0,0,-3,1
1,1,0,0,0,0,1,0,0,0,0,1,0,0,13.2,0,1
2,1,0,0,0,0,1,0,0,0,0,1,0,20.8,13.2,0,1
3,1,0,0,0,0,1,0,0,0,0,1,0,20.8,13.2,-8.8,1
4,1,0,0,0,0,1,0,0,0,0,1,0,20.8,13.2,-8.8,1
5,1,0,0,0,0,1,0,0,0,0,1,0,20.8,13.2,-8.8,1
6,1,0,0,0,0,1,0,0,0,0,1,0,0,0,-3,1
1,1,0,0,0,0,1,0,0,0,0,1,0,0,13.2,0,1
2,1,0,0,0,0,1,0,0,0,0,1,0,21,13.2,0,1
3,1,0,0,0,0,1,0,0,0,0,1,0,21,13.2,-8.8,1
4,1,0,0,0,0,1,0,0,0,0,1,0,21,13.2,-8.8,1
5,1,0,0,0,0,1,0,0,0,0,1,0,21,13.2,-8.8,1
6,1,0,0,0,0,1,0,0,0,0,1,0,0,0,-3,1
1,1,0,0,0,0,1,0,0,0,0,1,0,0,13.2,0,1
2,1,0,0,0,0,1,0,0,0,0,1,0,22,13.2,0,1
3,1,0,0,0,0,1,0,0,0,0,1,0,22,13.2,-8.8,1
4,1,0,0,0,0,1,0,0,0,0,1,0,22,13.2,-8.8,1
5,1,0,0,0,0,1,0,0,0,0,1,0,22,13.2,-8.8,1
6,1,0,0,0,0,1,0,0,0,0,1,0,0,0,-3,1
1,1,0,0,0,0,1,0,0,0,0,1,0,0,12.2,0,1
2,1,0,0,0,0,1,0,0,0,0,1,0,22,12.2,0,1
3,1,0,0,0,0,1,0,0,0,0,1,0,22,12.2,-8.8,1
4,1,0,0,0,0,1,0,0,0,0,1,0,22,12.2,-8.8,1
5,1,0,0,0,0,1,0,0,0,0,1,0,22,12.2,-8.8,1
6,1,0,0,0,0,1,0,0,0,0,1,0,0,0,-3,1
1,1,0,0,0,0,1,0,0,0,0,1,0,0,11.2,0,1
2,1,0,0,0,0,1,0,0,0,0,1,0,22,11.2,0,1
3,1,0,0,0,0,1,0,0,0,0,1,0,22,11.2,-8.8,1
4,1,0,0,0,0,1,0,0,0,0,1,0,22,11.2,-8.8,1
5,1,0,0,0,0,1,0,0,0,0,1,0,22,11.2,-8.8,1
6,1,0,0,0,0,1,0,0,0,0,1,0,0,0,-3,1
1,1,0,0,0,0,1,0,0,0,0,1,0,0,11.2,0,1
2,1,0,0,0,0,1,0,0,0,0,1,0,22,11.2,0,1
3,1,0,0,0,0,1,0,0,0,0,1,0,22,11.2,-8.8,1
4,1,0,0,0,0,1,0,0,0,0,1,0,22,11.2,-8.8,1
5,1,0,0,0,0,1,0,0,0,0,1,0,22,11.2,-8.8,1
6,1,0,0,0,0,1,0,0,0,0,1,0,0,0,-3,1
1,1,0,0,0,0,1,0,0,0,0,1,0,0,11.2,0,1
2,1,0,0,0,0,1,0,0,0,0,1,0,22,11.2,0,1
3,1,0,0,0,0,1,0,0,0,0,1,0,22,11.2,-8.8,1
4,1,0,0,0,0,1,0,0,0,0,1,0,22,11.2,-8.8,1
5,1,0,0,0,0,1,0,0,0,0,1,0,22,11.2,-8.8,1
6,1,0,0,0,0,1,0,0,0,0,1,0,0,0,-3,1
1,1,0,0,0,0,1,0,0,0,0,1,0,0,12.2,0,1
2,1,0,0,0,0,1,0,0,0,0,1,0,22,12.2,0,1
3,1,0,0,0,0,1,0,0,0,0,1,0,22,12.2,-8.8,1
4,1,0,0,0,0,1,0,0,0,0,1,0,22,12.2,-8.8,1
5,1,0,0,0,0,1,0,0,0,0,1,0,22,12.2,-8.8,1
6,1,0,0,0,0,1,0,0,0,0,1,0,0,0,-3,1
1,1,0,0,0,0,1,0,0,0,0,1,0,0,13.2,0,1
2,1,0,0,0,0,1,0,0,0,0,1,0,22,13.2,0,1
3,1,0,0,0,0,1,0,0,0,0,1,0,22,13.2,-8.8,1
4,1,0,0,0,0,1,0,0,0,0,1,0,22,13.2,-8.8,1
5,1,0,0,0,0,1,0,0,0,0,1,0,22,13.2,-8.8,1
6,1,0,0,0,0,1,0,0,0,0,1,0,0,0,-3,1
1,1,0,0,0,0,1,0,0,0,0,1,0,0,13.2,0,1
2,1,0,0,0,0,1,0,0,0,0,1,0,23,13.2,0,1
3,1,0,0,0,0,1,0,0,0,0,1,0,23,13.2,-8.8,1
4,1,0,0,0,0,1,0,0,0,0,1,0,23,13.2,-8.8,1
5,1,0,0,0,0,1,0,0,0,0,1,0,23,13.2,-8.8,1
6,1,0,0,0,0,1,0,0,0,0,1,0,0,0,-3,1
1,1,0,0,0,0,1,0,0,0,0,1,0,0,13.2,0,1
2,1,0,0,0,0,1,0,0,0,0,1,0,24,13.2,0,1
3,1,0,0,0,0,1,0,0,0,0,1,0,24,13.2,-8.8,1
4,1,0,0,0,0,1,0,0,0,0,1,0,24,13.2,-8.8,1
5,1,0,0,0,0,1,0,0,0,0,1,0,24,13.2,-8.8,1
6,1,0,0,0,0,1,0,0,0,0,1,0,0,0,-3,1
1,1,0,0,0,0,1,0,0,0,0,1,0,0,13.2,0,1
2,1,0,0,0,0,1,0,0,0,0,1,0,26,13.2,0,1
3,1,0,0,0,0,1,0,0,0,0,1,0,26,13.2,-8.8,1
4,1,0,0,0,0,1,0,0,0,0,1,0,26,13.2,-8.8,1
5,1,0,0,0,0,1,0,0,0,0,1,0,26,13.2,-8.8,1
6,1,0,0,0,0,1,0,0,0,0,1,0,0,0,-3,1
1,1,0,0,0,0,1,0,0,0,0,1,0,0,13.2,0,1
2,1,0,0,0,0,1,0,0,0,0,1,0,28,13.2,0,1
3,1,0,0,0,0,1,0,0,0,0,1,0,28,13.2,-8.8,1
4,1,0,0,0,0,1,0,0,0,0,1,0,28,13.2,-8.8,1
5,1,0,0,0,0,1,0,0,0,0,1,0,28,13.2,-8.8,1
6,1,0,0,0,0,1,0,0,0,0,1,0,0,0,-3,1
1,1,0,0,0,0,1,0,0,0,0,1,0,0,13.2,0,1
2,1,0,0,0,0,1,0,0,0,0,1,0,29,13.2,0,1
3,1,0,0,0,0,1,0,0,0,0,1,0,29,13.2,-8.8,1
4,1,0,0,0,0,1,0,0,0,0,1,0,29,13.2,-8.8,1
5,1,0,0,0,0,1,0,0,0,0,1,0,29,13.2,-8.8,1
6,1,0,0,0,0,1,0,0,0,0,1,0,0,0,-3,1
1,1,0,0,0,0,1,0,0,0,0,1,0,0,13.2,0,1
2,1,0,0,0,0,1,0,0,0,0,1,0,30,13.2,0,1
3,1,0,0,0,0,1,0,0,0,0,1,0,30,13.2,-8.8,1
4,1,0,0,0,0,1,0,0,0,0,1,0,30,13.2,-8.8,1
5,1,0,0,0,0,1,0,0,0,0,1,0,30,13.2,-8.8,1
6,1,0,0,0,0,1,0,0,0,0,1,0,0,0,-3,1
1,1,0,0,0,0,1,0,0,0,0,1,0,0,13.2,0,1
2,1,0,0,0,0,1,0,0,0,0,1,0,30.3,13.2,0,1
3,1,0,0,0,0,1,0,0,0,0,1,0,30.3,13.2,-8.8,1
4,1,0,0,0,0,1,0,0,0,0,1,0,30.3,13.2,-8.8,1
5,1,0,0,0,0,1,0,0,0,0,1,0,30.3,13.2,-8.8,1
6,1,0,0,0,0,1,0,0,0,0,1,0,0,0,-3,1
1,1,0,0,0,0,1,0,0,0,0,1,0,0,12.2,0,1
2,1,0,0,0,0,1,0,0,0,0,1,0,30.3,12.2,0,1
3,1,0,0,0,0,1,0,0,0,0,1,0,30.3,12.2,-8.8,1
4,1,0,0,0,0,1,0,0,0,0,1,0,30.3,12.2,-8.8,1
5,1,0,0,0,0,1,0,0,0,0,1,0,30.3,12.2,-8.8,1
6,1,0,0,0,0,1,0,0,0,0,1,0,0,0,-3,1
1,1,0,0,0,0,1,0,0,0,0,1,0,0,11.2,0,1
2,1,0,0,0,0,1,0,0,0,0,1,0,30.3,11.2,0,1
3,1,0,0,0,0,1,0,0,0,0,1,0,30.3,11.2,-8.8,1
4,1,0,0,0,0,1,0,0,0,0,1,0,30.3,11.2,-8.8,1
5,1,0,0,0,0,1,0,0,0,0,1,0,30.3,11.2,-8.8,1
6,1,0,0,0,0,1,0,0,0,0,1,0,0,0,-3,1
1,1,0,0,0,0,1,0,0,0,0,1,0,0,11.2,0,1
2,1,0,0,0,0,1,0,0,0,0,1,0,30.3,11.2,0,1
3,1,0,0,0,0,1,0,0,0,0,1,0,30.3,11.2,-8.8,1
4,1,0,0,0,0,1,0,0,0,0,1,0,30.3,11.2,-8.8,1
5,1,0,0,0,0,1,0,0,0,0,1,0,30.3,11.2,-8.8,1
6,1,0,0,0,0,1,0,0,0,0,1,0,0,0,-3,1
1,1,0,0,0,0,1,0,0,0,0,1,0,0,11.2,0,1
2,1,0,0,0,0,1,0,0,0,0,1,0,30.3,11.2,0,1
3,1,0,0,0,0,1,0,0,0,0,1,0,30.3,11.2,-8.8,1
4,1,0,0,0,0,1,0,0,0,0,1,0,30.3,11.2,-8.8,1
5,1,0,0,0,0,1,0,0,0,0,1,0,30.3,11.2,-8.8,1
6,1,0,0,0,0,1,0,0,0,0,1,0,0,0,-3,1
1,1,0,0,0,0,1,0,0,0,0,1,0,0,12.2,0,1
2,1,0,0,0,0,1,0,0,0,0,1,0,30.3,12.2,0,1
3,1,0,0,0,0,1,0,0,0,0,1,0,30.3,12.2,-8.8,1
4,1,0,0,0,0,1,0,0,0,0,1,0,30.3,12.2,-8.8,1
5,1,0,0,0,0,1,0,0,0,0,1,0,30.3,12.2,-8.8,1
6,1,0,0,0,0,1,0,0,0,0,1,0,0,0,-3,1
1,1,0,0,0,0,1,0,0,0,0,1,0,0,13.2,0,1
2,1,0,0,0,0,1,0,0,0,0,1,0,30.3,13.2,0,1
3,1,0,0,0,0,1,0,0,0,0,1,0,30.3,13.2,-8.8,1
4,1,0,0,0,0,1,0,0,0,0,1,0,30.3,13.2,-8.8,1
5,1,0,0,0,0,1,0,0,0,0,1,0,30.3,13.2,-8.8,1
6,1,0,0,0,0,1,0,0,0,0,1,0,0,0,-3,1
1,1,0,0,0,0,1,0,0,0,0,1,0,0,13.2,0,1
2,1,0,0,0,0,1,0,0,0,0,1,0,30.3,13.2,0,1
3,1,0,0,0,0,1,0,0,0,0,1,0,30.3,13.2,-7.8,1
4,1,0,0,0,0,1,0,0,0,0,1,0,30.3,13.2,-7.8,1
5,1,0,0,0,0,1,0,0,0,0,1,0,30.3,13.2,-7.8,1
6,1,0,0,0,0,1,0,0,0,0,1,0,0,0,-3,1
1,1,0,0,0,0,1,0,0,0,0,1,0,0,13.2,0,1
2,1,0,0,0,0,1,0,0,0,0,1,0,30.3,13.2,0,1
3,1,0,0,0,0,1,0,0,0,0,1,0,30.3,13.2,-6.8,1
4,1,0,0,0,0,1,0,0,0,0,1,0,30.3,13.2,-6.8,1
5,1,0,0,0,0,1,0,0,0,0,1,0,30.3,13.2,-6.8,1
6,1,0,0,0,0,1,0,0,0,0,1,0,0,0,-3,1
1,1,0,0,0,0,1,0,0,0,0,1,0,0,13.2,0,1
2,1,0,0,0,0,1,0,0,0,0,1,0,30.3,13.2,0,1
3,1,0,0,0,0,1,0,0,0,0,1,0,30.3,13.2,-5.8,1
4,1,0,0,0,0,1,0,0,0,0,1,0,30.3,13.2,-5.8,1
5,1,0,0,0,0,1,0,0,0,0,1,0,30.3,13.2,-5.8,1
6,1,0,0,0,0,1,0,0,0,0,1,0,0,0,-3,1
1,1,0,0,0,0,1,0,0,0,0,1,0,0,13.2,0,1
2,1,0,0,0,0,1,0,0,0,0,1,0,30.3,13.2,0,1
3,1,0,0,0,0,1,0,0,0,0,1,0,30.3,13.2,-4.8,1
4,1,0,0,0,0,1,0,0,0,0,1,0,30.3,13.2,-4.8,1
5,1,0,0,0,0,1,0,0,0,0,1,0,30.3,13.2,-4.8,1
6,1,0,0,0,0,1,0,0,0,0,1,0,0,0,-3,1
1,1,0,0,0,0,1,0,0,0,0,1,0,0,13.2,0,1
2,1,0,0,0,0,1,0,0,0,0,1,0,30.3,13.2,0,1
3,1,0,0,0,0,1,0,0,0,0,1,0,30.3,13.2,-4.3,1
4,1,0,0,0,0,1,0,0,0,0,1,0,30.3,13.2,-4.3,1
5,1,0,0,0,0,1,0,0,0,0,1,0,30.3,13.2,-4.3,1
6,1,0,0,0,0,1,0,0,0,0,1,0,0,0,-3,1
1,1,0,0,0,0,1,0,0,0,0,1,0,0,12.2,0,1
2,1,0,0,0,0,1,0,0,0,0,1,0,29.3,12.2,0,1
3,1,0,0,0,0,1,0,0,0,0,1,0,29.3,12.2,-4.3,1
4,1,0,0,0,0,1,0,0,0,0,1,0,29.3,12.2,-4.3,1
5,1,0,0,0,0,1,0,0,0,0,1,0,29.3,12.2,-4.3,1
6,1,0,0,0,0,1,0,0,0,0,1,0,0,0,-3,1
1,1,0,0,0,0,1,0,0,0,0,1,0,0,11.2,0,1
2,1,0,0,0,0,1,0,0,0,0,1,0,28.3,11.2,0,1
3,1,0,0,0,0,1,0,0,0,0,1,0,28.3,11.2,-4.3,1
4,1,0,0,0,0,1,0,0,0,0,1,0,28.3,11.2,-4.3,1
5,1,0,0,0,0,1,0,0,0,0,1,0,28.3,11.2,-4.3,1
6,1,0,0,0,0,1,0,0,0,0,1,0,0,0,-3,1
1,1,0,0,0,0,1,0,0,0,0,1,0,0,9.2,0,1
2,1,0,0,0,0,1,0,0,0,0,1,0,26.3,9.2,0,1
3,1,0,0,0,0,1,0,0,0,0,1,0,26.3,9.2,-4.3,1
4,1,0,0,0,0,1,0,0,0,0,1,0,26.3,9.2,-4.3,1
5,1,0,0,0,0,1,0,0,0,0,1,0,26.3,9.2,-4.3,1
6,1,0,0,0,0,1,0,0,0,0,1,0,0,0,-3,1
1,1,0,0,0,0,1,0,0,0,0,1,0,0,7.2,0,1
2,1,0,0,0,0,1,0,0,0,0,1,0,25.3,7.2,0,1
3,1,0,0,0,0,1,0,0,0,0,1,0,25.3,7.2,-4.3,1
4,1,0,0,0,0,1,0,0,0,0,1,0,25.3,7.2,-4.3,1
5,1,0,0,0,0,1,0,0,0,0,1,0,25.3,7.2,-4.3,1
6,1,0,0,0,0,1,0,0,0,0,1,0,0,0,-3,1
1,1,0,0,0,0,1,0,0,0,0,1,0,0,6.2,0,1
2,1,0,0,0,0,1,0,0,0,0,1,0,25.2,6.2,0,1
3,1,0,0,0,0,1,0,0,0,0,1,0,25.2,6.2,-4.3,1
4,1,0,0,0,0,1,0,0,0,0,1,0,25.2,6.2,-4.3,1
5,1,0,0,0,0,1,0,0,0,0,1,0,25.2,6.2,-4.3,1
6,1,0,0,0,0,1,0,0,0,0,1,0,0,0,-3,1
1,1,0,0,0,0,1,0,0,0,0,1,0,0,6.2,0,1
2,1,0,0,0,0,1,0,0,0,0,1,0,24.7,6.2,0,1
3,1,0,0,0,0,1,0,0,0,0,1,0,24.7,6.2,-4.3,1
4,1,0,0,0,0,1,0,0,0,0,1,0,24.7,6.2,-4.3,1
5,1,0,0,0,0,1,0,0,0,0,1,0,24.7,6.2,-4.3,1
6,1,0,0,0,0,1,0,0,0,0,1,0,0,0,-3,1
1,1,0,0,0,0,1,0,0,0,0,1,0,0,6.2,0,1
2,1,0,0,0,0,1,0,0,0,0,1,0,24.2,6.2,0,1
3,1,0,0,0,0,1,0,0,0,0,1,0,24.2,6.2,-4.3,1
4,1,0,0,0,0,1,0,0,0,0,1,0,24.2,6.2,-4.3,1
5,1,0,0,0,0,1,0,0,0,0,1,0,24.2,6.2,-4.3,1
6,1,0,0,0,0,1,0,0,0,0,1,0,0,0,-3,1
1,1,0,0,0,0,1,0,0,0,0,1,0,0,6.2,0,1
2,1,0,0,0,0,1,0,0,0,0,1,0,24.2,6.2,0,1
3,1,0,0,0,0,1,0,0,0,0,1,0,24.2,6.2,-4.3,1
4,1,0,0,0,0,1,0,0,0,0,1,0,24.2,6.2,-4.3,1
5,1,0,0,0,0,1,0,0,0,0,1,0,24.2,6.2,-4.3,1
6,1,0,0,0,0,1,0,0,0,0,1,0,0,0,-3,1
1,1,0,0,0,0,1,0,0,0,0,1,0,0,6.2,0,1
2,1,0,0,0,0,1,0,0,0,0,1,0,24.2,6.2,0,1
3,1,0,0,0,0,1,0,0,0,0,1,0,24.2,6.2,-4.3,1
4,1,0,0,0,0,1,0,0,0,0,1,0,24.2,6.2,-4.3,1
5,1,0,0,0,0,1,0,0,0,0,1,0,24.2,6.2,-4.3,1
6,1,0,0,0,0,1,0,0,0,0,1,0,0,0,-3,1
1,1,0,0,0,0,1,0,0,0,0,1,0,0,6.2,0,1
2,1,0,0,0,0,1,0,0,0,0,1,0,24.7,6.2,0,1
3,1,0,0,0,0,1,0,0,0,0,1,0,24.7,6.2,-4.3,1
4,1,0,0,0,0,1,0,0,0,0,1,0,24.7,6.2,-4.3,1
5,1,0,0,0,0,1,0,0,0,0,1,0,24.7,6.2,-4.3,1
6,1,0,0,0,0,1,0,0,0,0,1,0,0,0,-3,1
1,1,0,0,0,0,1,0,0,0,0,1,0,0,6.2,0,1
2,1,0,0,0,0,1,0,0,0,0,1,0,25.2,6.2,0,1
3,1,0,0,0,0,1,0,0,0,0,1,0,25.2,6.2,-4.3,1
4,1,0,0,0,0,1,0,0,0,0,1,0,25.2,6.2,-4.3,1
5,1,0,0,0,0,1,0,0,0,0,1,0,25.2,6.2,-4.3,1
6,1,0,0,0,0,1,0,0,0,0,1,0,0,0,-3,1
1,1,0,0,0,0,1,0,0,0,0,1,0,0,7.2,0,1
2,1,0,0,0,0,1,0,0,0,0,1,0,25.2,7.2,0,1
3,1,0,0,0,0,1,0,0,0,0,1,0,25.2,7.2,-4.3,1
4,1,0,0,0,0,1,0,0,0,0,1,0,25.2,7.2,-4.3,1
5,1,0,0,0,0,1,0,0,0,0,1,0,25.2,7.2,-4.3,1
6,1,0,0,0,0,1,0,0,0,0,1,0,0,0,-3,1
1,1,0,0,0,0,1,0,0,0,0,1,0,0,8.2,0,1
2,1,0,0,0,0,1,0,0,0,0,1,0,25.2,8.2,0,1
3,1,0,0,0,0,1,0,0,0,0,1,0,25.2,8.2,-4.3,1
4,1,0,0,0,0,1,0,0,0,0,1,0,25.2,8.2,-4.3,1
5,1,0,0,0,0,1,0,0,0,0,1,0,25.2,8.2,-4.3,1
6,1,0,0,0,0,1,0,0,0,0,1,0,0,0,-3,1
1,1,0,0,0,0,1,0,0,0,0,1,0,0,10.2,0,1
2,1,0,0,0,0,1,0,0,0,0,1,0,24.2,10.2,0,1
3,1,0,0,0,0,1,0,0,0,0,1,0,24.2,10.2,-4.3,1
4,1,0,0,0,0,1,0,0,0,0,1,0,24.2,10.2,-4.3,1
5,1,0,0,0,0,1,0,0,0,0,1,0,24.2,10.2,-4.3,1
6,1,0,0,0,0,1,0,0,0,0,1,0,0,0,-3,1
1,1,0,0,0,0,1,0,0,0,0,1,0,0,10.2,0,1
2,1,0,0,0,0,1,0,0,0,0,1,0,23.2,10.2,0,1
3,1,0,0,0,0,1,0,0,0,0,1,0,23.2,10.2,-4.3,1
4,1,0,0,0,0,1,0,0,0,0,1,0,23.2,10.2,-4.3,1
5,1,0,0,0,0,1,0,0,0,0,1,0,23.2,10.2,-4.3,1
6,1,0,0,0,0,1,0,0,0,0,1,0,0,0,-3,1
1,1,0,0,0,0,1,0,0,0,0,1,0,0,10.2,0,1
2,1,0,0,0,0,1,0,0,0,0,1,0,21.4,10.2,0,1
3,1,0,0,0,0,1,0,0,0,0,1,0,21.4,10.2,-4.3,1
4,1,0,0,0,0,1,0,0,0,0,1,0,21.4,10.2,-4.3,1
5,1,0,0,0,0,1,0,0,0,0,1,0,21.4,10.2,-4.3,1
6,1,0,0,0,0,1,0,0,0,0,1,0,0,0,-3,1
1,1,0,0,0,0,1,0,0,0,0,1,0,0,9.7,0,1
2,1,0,0,0,0,1,0,0,0,0,1,0,21.4,9.7,0,1
3,1,0,0,0,0,1,0,0,0,0,1,0,21.4,9.7,-4.3,1
4,1,0,0,0,0,1,0,0,0,0,1,0,21.4,9.7,-4.3,1
5,1,0,0,0,0,1,0,0,0,0,1,0,21.4,9.7,-4.3,1
6,1,0,0,0,0,1,0,0,0,0,1,0,0,0,-3,1
1,1,0,0,0,0,1,0,0,0,0,1,0,0,9.2,0,1
2,1,0,0,0,0,1,0,0,0,0,1,0,21.4,9.2,0,1
3,1,0,0,0,0,1,0,0,0,0,1,0,21.4,9.2,-4.3,1
4,1,0,0,0,0,1,0,0,0,0,1,0,21.4,9.2,-4.3,1
5,1,0,0,0,0,1,0,0,0,0,1,0,21.4,9.2,-4.3,1
6,1,0,0,0,0,1,0,0,0,0,1,0,0,0,-3,1
1,1,0,0,0,0,1,0,0,0,0,1,0,0,9.2,0,1
2,1,0,0,0,0,1,0,0,0,0,1,0,21.4,9.2,0,1
3,1,0,0,0,0,1,0,0,0,0,1,0,21.4,9.2,-4.3,1
4,1,0,0,0,0,1,0,0,0,0,1,0,21.4,9.2,-4.3,1
5,1,0,0,0,0,1,0,0,0,0,1,0,21.4,9.2,-4.3,1
6,1,0,0,0,0,1,0,0,0,0,1,0,0,0,-3,1
1,1,0,0,0,0,1,0,0,0,0,1,0,0,9.2,0,1
2,1,0,0,0,0,1,0,0,0,0,1,0,21.4,9.2,0,1
3,1,0,0,0,0,1,0,0,0,0,1,0,21.4,9.2,-4.3,1
4,1,0,0,0,0,1,0,0,0,0,1,0,21.4,9.2,-4.3,1
5,1,0,0,0,0,1,0,0,0,0,1,0,21.4,9.2,-4.3,1
6,1,0,0,0,0,1,0,0,0,0,1,0,0,0,-3,1
1,1,0,0,0,0,1,0,0,0,0,1,0,0,9.7,0,1
2,1,0,0,0,0,1,0,0,0,0,1,0,21.4,9.7,0,1
3,1,0,0,0,0,1,0,0,0,0,1,0,21.4,9.7,-4.3,1
4,1,0,0,0,0,1,0,0,0,0,1,0,21.4,9.7,-4.3,1
5,1,0,0,0,0,1,0,0,0,0,1,0,21.4,9.7,-4.3,1
6,1,0,0,0,0,1,0,0,0,0,1,0,0,0,-3,1
1,1,0,0,0,0,1,0,0,0,0,1,0,0,10.2,0,1
2,1,0,0,0,0,1,0,0,0,0,1,0,21.4,10.2,0,1
3,1,0,0,0,0,1,0,0,0,0,1,0,21.4,10.2,-4.3,1
4,1,0,0,0,0,1,0,0,0,0,1,0,21.4,10.2,-4.3,1
5,1,0,0,0,0,1,0,0,0,0,1,0,21.4,10.2,-4.3,1
6,1,0,0,0,0,1,0,0,0,0,1,0,0,0,-3,1
1,1,0,0,0,0,1,0,0,0,0,1,0,0,10.2,0,1
2,1,0,0,0,0,1,0,0,0,0,1,0,20.4,10.2,0,1
3,1,0,0,0,0,1,0,0,0,0,1,0,20.4,10.2,-4.3,1
4,1,0,0,0,0,1,0,0,0,0,1,0,20.4,10.2,-4.3,1
5,1,0,0,0,0,1,0,0,0,0,1,0,20.4,10.2,-4.3,1
6,1,0,0,0,0,1,0,0,0,0,1,0,0,0,-3,1
1,1,0,0,0,0,1,0,0,0,0,1,0,0,10.2,0,1
2,1,0,0,0,0,1,0,0,0,0,1,0,19.4,10.2,0,1
3,1,0,0,0,0,1,0,0,0,0,1,0,19.4,10.2,-4.3,1
4,1,0,0,0,0,1,0,0,0,0,1,0,19.4,10.2,-4.3,1
5,1,0,0,0,0,1,0,0,0,0,1,0,19.4,10.2,-4.3,1
6,1,0,0,0,0,1,0,0,0,0,1,0,0,0,-3,1
1,1,0,0,0,0,1,0,0,0,0,1,0,0,9.2,0,1
2,1,0,0,0,0,1,0,0,0,0,1,0,17.4,9.2,0,1
3,1,0,0,0,0,1,0,0,0,0,1,0,17.4,9.2,-4.3,1
4,1,0,0,0,0,1,0,0,0,0,1,0,17.4,9.2,-4.3,1
5,1,0,0,0,0,1,0,0,0,0,1,0,17.4,9.2,-4.3,1
6,1,0,0,0,0,1,0,0,0,0,1,0,0,0,-3,1
1,1,0,0,0,0,1,0,0,0,0,1,0,0,8.2,0,1
2,1,0,0,0,0,1,0,0,0,0,1,0,17.3,8.2,0,1
3,1,0,0,0,0,1,0,0,0,0,1,0,17.3,8.2,-4.3,1
4,1,0,0,0,0,1,0,0,0,0,1,0,17.3,8.2,-4.3,1
5,1,0,0,0,0,1,0,0,0,0,1,0,17.3,8.2,-4.3,1
6,1,0,0,0,0,1,0,0,0,0,1,0,0,0,-3,1
1,1,0,0,0,0,1,0,0,0,0,1,0,0,6.2,0,1
2,1,0,0,0,0,1,0,0,0,0,1,0,17.3,6.2,0,1
3,1,0,0,0,0,1,0,0,0,0,1,0,17.3,6.2,-4.3,1
4,1,0,0,0,0,1,0,0,0,0,1,0,17.3,6.2,-4.3,1
5,1,0,0,0,0,1,0,0,0,0,1,0,17.3,6.2,-4.3,1
6,1,0,0,0,0,1,0,0,0,0,1,0,0,0,-3,1
1,1,0,0,0,0,1,0,0,0,0,1,0,0,6.2,0,1
2,1,0,0,0,0,1,0,0,0,0,1,0,17.8,6.2,0,1
3,1,0,0,0,0,1,0,0,0,0,1,0,17.8,6.2,-4.3,1
4,1,0,0,0,0,1,0,0,0,0,1,0,17.8,6.2,-4.3,1
5,1,0,0,0,0,1,0,0,0,0,1,0,17.8,6.2,-4.3,1
6,1,0,0,0,0,1,0,0,0,0,1,0,0,0,-3,1
1,1,0,0,0,0,1,0,0,0,0,1,0,0,6.2,0,1
2,1,0,0,0,0,1,0,0,0,0,1,0,18.3,6.2,0,1
3,1,0,0,0,0,1,0,0,0,0,1,0,18.3,6.2,-4.3,1
4,1,0,0,0,0,1,0,0,0,0,1,0,18.3,6.2,-4.3,1
5,1,0,0,0,0,1,0,0,0,0,1,0,18.3,6.2,-4.3,1
6,1,0,0,0,0,1,0,0,0,0,1,0,0,0,-3,1
1,1,0,0,0,0,1,0,0,0,0,1,0,0,6.2,0,1
2,1,0,0,0,0,1,0,0,0,0,1,0,18.3,6.2,0,1
3,1,0,0,0,0,1,0,0,0,0,1,0,18.3,6.2,-4.3,1
4,1,0,0,0,0,1,0,0,0,0,1,0,18.3,6.2,-4.3,1
5,1,0,0,0,0,1,0,0,0,0,1,0,18.3,6.2,-4.3,1
6,1,0,0,0,0,1,0,0,0,0,1,0,0,0,-3,1
1,1,0,0,0,0,1,0,0,0,0,1,0,0,6.2,0,1
2,1,0,0,0,0,1,0,0,0,0,1,0,18.3,6.2,0,1
3,1,0,0,0,0,1,0,0,0,0,1,0,18.3,6.2,-4.3,1
4,1,0,0,0,0,1,0,0,0,0,1,0,18.3,6.2,-4.3,1
5,1,0,0,0,0,1,0,0,0,0,1,0,18.3,6.2,-4.3,1
6,1,0,0,0,0,1,0,0,0,0,1,0,0,0,-3,1
1,1,0,0,0,0,1,0,0,0,0,1,0,0,6.2,0,1
2,1,0,0,0,0,1,0,0,0,0,1,0,18.3,6.2,0,1
3,1,0,0,0,0,1,0,0,0,0,1,0,18.3,6.2,-4.3,1
4,1,0,0,0,0,1,0,0,0,0,1,0,18.3,6.2,-4.3,1
5,1,0,0,0,0,1,0,0,0,0,1,0,18.3,6.2,-4.3,1
6,1,0,0,0,0,1,0,0,0,0,1,0,0,0,-3,1
1,1,0,0,0,0,1,0,0,0,0,1,0,0,6.2,0,1
2,1,0,0,0,0,1,0,0,0,0,1,0,17.8,6.2,0,1
3,1,0,0,0,0,1,0,0,0,0,1,0,17.8,6.2,-4.3,1
4,1,0,0,0,0,1,0,0,0,0,1,0,17.8,6.2,-4.3,1
5,1,0,0,0,0,1,0,0,0,0,1,0,17.8,6.2,-4.3,1
6,1,0,0,0,0,1,0,0,0,0,1,0,0,0,-3,1
1,1,0,0,0,0,1,0,0,0,0,1,0,0,6.2,0,1
2,1,0,0,0,0,1,0,0,0,0,1,0,17.3,6.2,0,1
3,1,0,0,0,0,1,0,0,0,0,1,0,17.3,6.2,-4.3,1
4,1,0,0,0,0,1,0,0,0,0,1,0,17.3,6.2,-4.3,1
5,1,0,0,0,0,1,0,0,0,0,1,0,17.3,6.2,-4.3,1
6,1,0,0,0,0,1,0,0,0,0,1,0,0,0,-3,1
1,1,0,0,0,0,1,0,0,0,0,1,0,0,5.2,0,1
2,1,0,0,0,0,1,0,0,0,0,1,0,17.3,5.2,0,1
3,1,0,0,0,0,1,0,0,0,0,1,0,17.3,5.2,-4.3,1
4,1,0,0,0,0,1,0,0,0,0,1,0,17.3,5.2,-4.3,1
5,1,0,0,0,0,1,0,0,0,0,1,0,17.3,5.2,-4.3,1
6,1,0,0,0,0,1,0,0,0,0,1,0,0,0,-3,1
1,1,0,0,0,0,1,0,0,0,0,1,0,0,4.2,0,1
2,1,0,0,0,0,1,0,0,0,0,1,0,17.3,4.2,0,1
3,1,0,0,0,0,1,0,0,0,0,1,0,17.3,4.2,-4.3,1
4,1,0,0,0,0,1,0,0,0,0,1,0,17.3,4.2,-4.3,1
5,1,0,0,0,0,1,0,0,0,0,1,0,17.3,4.2,-4.3,1
6,1,0,0,0,0,1,0,0,0,0,1,0,0,0,-3,1
1,1,0,0,0,0,1,0,0,0,0,1,0,0,2.2,0,1
2,1,0,0,0,0,1,0,0,0,0,1,0,18.3,2.2,0,1
3,1,0,0,0,0,1,0,0,0,0,1,0,18.3,2.2,-4.3,1
4,1,0,0,0,0,1,0,0,0,0,1,0,18.3,2.2,-4.3,1
5,1,0,0,0,0,1,0,0,0,0,1,0,18.3,2.2,-4.3,1
6,1,0,0,0,0,1,0,0,0,0,1,0,0,0,-3,1
1,1,0,0,0,0,1,0,0,0,0,1,0,0,2.2,0,1
2,1,0,0,0,0,1,0,0,0,0,1,0,19.3,2.2,0,1
3,1,0,0,0,0,1,0,0,0,0,1,0,19.3,2.2,-4.3,1
4,1,0,0,0,0,1,0,0,0,0,1,0,19.3,2.2,-4.3,1
5,1,0,0,0,0,1,0,0,0,0,1,0,19.3,2.2,-4.3,1
6,1,0,0,0,0,1,0,0,0,0,1,0,0,0,-3,1
1,1,0,0,0,0,1,0,0,0,0,1,0,0,2.2,0,1
2,1,0,0,0,0,1,0,0,0,0,1,0,21.3,2.2,0,1
3,1,0,0,0,0,1,0,0,0,0,1,0,21.3,2.2,-4.3,1
4,1,0,0,0,0,1,0,0,0,0,1,0,21.3,2.2,-4.3,1
5,1,0,0,0,0,1,0,0,0,0,1,0,21.3,2.2,-4.3,1
6,1,0,0,0,0,1,0,0,0,0,1,0,0,0,-3,1
1,1,0,0,0,0,1,0,0,0,0,1,0,0,2.7,0,1
2,1,0,0,0,0,1,0,0,0,0,1,0,21.4,2.7,0,1
3,1,0,0,0,0,1,0,0,0,0,1,0,21.4,2.7,-4.3,1
4,1,0,0,0,0,1,0,0,0,0,1,0,21.4,2.7,-4.3,1
5,1,0,0,0,0,1,0,0,0,0,1,0,21.4,2.7,-4.3,1
6,1,0,0,0,0,1,0,0,0,0,1,0,0,0,-3,1
1,1,0,0,0,0,1,0,0,0,0,1,0,0,3.2,0,1
2,1,0,0,0,0,1,0,0,0,0,1,0,21.4,3.2,0,1
3,1,0,0,0,0,1,0,0,0,0,1,0,21.4,3.2,-4.3,1
4,1,0,0,0,0,1,0,0,0,0,1,0,21.4,3.2,-4.3,1
5,1,0,0,0,0,1,0,0,0,0,1,0,21.4,3.2,-4.3,1
6,1,0,0,0,0,1,0,0,0,0,1,0,0,0,-3,1
1,1,0,0,0,0,1,0,0,0,0,1,0,0,3.2,0,1
2,1,0,0,0,0,1,0,0,0,0,1,0,21.4,3.2,0,1
3,1,0,0,0,0,1,0,0,0,0,1,0,21.4,3.2,-4.3,1
4,1,0,0,0,0,1,0,0,0,0,1,0,21.4,3.2,-4.3,1
5,1,0,0,0,0,1,0,0,0,0,1,0,21.4,3.2,-4.3,1
6,1,0,0,0,0,1,0,0,0,0,1,0,0,0,-3,1
1,1,0,0,0,0,1,0,0,0,0,1,0,0,3.2,0,1
2,1,0,0,0,0,1,0,0,0,0,1,0,21.4,3.2,0,1
3,1,0,0,0,0,1,0,0,0,0,1,0,21.4,3.2,-4.3,1
4,1,0,0,0,0,1,0,0,0,0,1,0,21.4,3.2,-4.3,1
5,1,0,0,0,0,1,0,0,0,0,1,0,21.4,3.2,-4.3,1
6,1,0,0,0,0,1,0,0,0,0,1,0,0,0,-3,1
1,1,0,0,0,0,1,0,0,0,0,1,0,0,2.7,0,1
2,1,0,0,0,0,1,0,0,0,0,1,0,21.4,2.7,0,1
3,1,0,0,0,0,1,0,0,0,0,1,0,21.4,2.7,-4.3,1
4,1,0,0,0,0,1,0,0,0,0,1,0,21.4,2.7,-4.3,1
5,1,0,0,0,0,1,0,0,0,0,1,0,21.4,2.7,-4.3,1
6,1,0,0,0,0,1,0,0,0,0,1,0,0,0,-3,1
1,1,0,0,0,0,1,0,0,0,0,1,0,0,2.2,0,1
2,1,0,0,0,0,1,0,0,0,0,1,0,21.4,2.2,0,1
3,1,0,0,0,0,1,0,0,0,0,1,0,21.4,2.2,-4.3,1
4,1,0,0,0,0,1,0,0,0,0,1,0,21.4,2.2,-4.3,1
5,1,0,0,0,0,1,0,0,0,0,1,0,21.4,2.2,-4.3,1
6,1,0,0,0,0,1,0,0,0,0,1,0,0,0,-3,1
1,1,0,0,0,0,1,0,0,0,0,1,0,0,2.2,0,1
2,1,0,0,0,0,1,0,0,0,0,1,0,21.4,2.2,0,1
3,1,0,0,0,0,1,0,0,0,0,1,0,21.4,2.2,-4.3,1
4,1,0,0,0,0,1,0,0,0,0,1,0,21.4,2.2,-4.3,1
5,1,0,0,0,0,1,0,0,0,0,1,0,21.4,2.2,-4.3,1
6,1,0,0,0,0,1,0,0,0,0,1,0,0,0,-3,1
1,1,0,0,0,0,1,0,0,0,0,1,0,0,1.2,0,1
2,1,0,0,0,0,1,0,0,0,0,1,0,21.2,1.2,0,1
3,1,0,0,0,0,1,0,0,0,0,1,0,21.2,1.2,-4.3,1
4,1,0,0,0,0,1,0,0,0,0,1,0,21.2,1.2,-4.3,1
5,1,0,0,0,0,1,0,0,0,0,1,0,21.2,1.2,-4.3,1
6,1,0,0,0,0,1,0,0,0,0,1,0,0,0,-3,1
1,1,0,0,0,0,1,0,0,0,0,1,0,0,0.2,0,1
2,1,0,0,0,0,1,0,0,0,0,1,0,21.2,0.2,0,1
3,1,0,0,0,0,1,0,0,0,0,1,0,21.2,0.2,-4.3,1
4,1,0,0,0,0,1,0,0,0,0,1,0,21.2,0.2,-4.3,1
5,1,0,0,0,0,1,0,0,0,0,1,0,21.2,0.2,-4.3,1
6,1,0,0,0,0,1,0,0,0,0,1,0,0,0,-3,1
1,1,0,0,0,0,1,0,0,0,0,1,0,0,-1.8,0,1
2,1,0,0,0,0,1,0,0,0,0,1,0,21.2,-1.8,0,1
3,1,0,0,0,0,1,0,0,0,0,1,0,21.2,-1.8,-4.3,1
4,1,0,0,0,0,1,0,0,0,0,1,0,21.2,-1.8,-4.3,1
5,1,0,0,0,0,1,0,0,0,0,1,0,21.2,-1.8,-4.3,1
6,1,0,0,0,0,1,0,0,0,0,1,0,0,0,-3,1
1,1,0,0,0,0,1,0,0,0,0,1,0,0,-3.8,0,1
2,1,0,0,0,0,1,0,0,0,0,1,0,21.2,-3.8,0,1
3,1,0,0,0,0,1,0,0,0,0,1,0,21.2,-3.8,-4.3,1
4,1,0,0,0,0,1,0,0,0,0,1,0,21.2,-3.8,-4.3,1
5,1,0,0,0,0,1,0,0,0,0,1,0,21.2,-3.8,-4.3,1
6,1,0,0,0,0,1,0,0,0,0,1,0,0,0,-3,1
1,1,0,0,0,0,1,0,0,0,0,1,0,0,-5.3,0,1
2,1,0,0,0,0,1,0,0,0,0,1,0,21.2,-5.3,0,1
3,1,0,0,0,0,1,0,0,0,0,1,0,21.2,-5.3,-4.3,1
4,1,0,0,0,0,1,0,0,0,0,1,0,21.2,-5.3,-4.3,1
5,1,0,0,0,0,1,0,0,0,0,1,0,21.2,-5.3,-4.3,1
6,1,0,0,0,0,1,0,0,0,0,1,0,0,0,-3,1
1,1,0,0,0,0,1,0,0,0,0,1,0,0,-5.3,0,1
2,1,0,0,0,0,1,0,0,0,0,1,0,21.2,-5.3,0,1
3,1,0,0,0,0,1,0,0,0,0,1,0,21.2,-5.3,-5.3,1
4,1,0,0,0,0,1,0,0,0,0,1,0,21.2,-5.3,-5.3,1
5,1,0,0,0,0,1,0,0,0,0,1,0,21.2,-5.3,-5.3,1
6,1,0,0,0,0,1,0,0,0,0,1,0,0,0,-3,1
1,1,0,0,0,0,1,0,0,0,0,1,0,0,-5.3,0,1
2,1,0,0,0,0,1,0,0,0,0,1,0,21.2,-5.3,0,1
3,1,0,0,0,0,1,0,0,0,0,1,0,21.2,-5.3,-6.3,1
4,1,0,0,0,0,1,0,0,0,0,1,0,21.2,-5.3,-6.3,1
5,1,0,0,0,0,1,0,0,0,0,1,0,21.2,-5.3,-6.3,1
6,1,0,0,0,0,1,0,0,0,0,1,0,0,0,-3,1
1,1,0,0,0,0,1,0,0,0,0,1,0,0,-5.3,0,1
2,1,0,0,0,0,1,0,0,0,0,1,0,21.2,-5.3,0,1
3,1,0,0,0,0,1,0,0,0,0,1,0,21.2,-5.3,-8.4,1
4,1,0,0,0,0,1,0,0,0,0,1,0,21.2,-5.3,-8.4,1
5,1,0,0,0,0,1,0,0,0,0,1,0,21.2,-5.3,-8.4,1
6,1,0,0,0,0,1,0,0,0,0,1,0,0,0,-3,1
1,1,0,0,0,0,1,0,0,0,0,1,0,0,-5.8,0,1
2,1,0,0,0,0,1,0,0,0,0,1,0,21.2,-5.8,0,1
3,1,0,0,0,0,1,0,0,0,0,1,0,21.2,-5.8,-8.4,1
4,1,0,0,0,0,1,0,0,0,0,1,0,21.2,-5.8,-8.4,1
5,1,0,0,0,0,1,0,0,0,0,1,0,21.2,-5.8,-8.4,1
6,1,0,0,0,0,1,0,0,0,0,1,0,0,0,-3,1
1,1,0,0,0,0,1,0,0,0,0,1,0,0,-6.3,0,1
2,1,0,0,0,0,1,0,0,0,0,1,0,21.2,-6.3,0,1
3,1,0,0,0,0,1,0,0,0,0,1,0,21.2,-6.3,-8.4,1
4,1,0,0,0,0,1,0,0,0,0,1,0,21.2,-6.3,-8.4,1
5,1,0,0,0,0,1,0,0,0,0,1,0,21.2,-6.3,-8.4,1
6,1,0,0,0,0,1,0,0,0,0,1,0,0,0,-3,1
1,1,0,0,0,0,1,0,0,0,0,1,0,0,-6.3,0,1
2,1,0,0,0,0,1,0,0,0,0,1,0,21.2,-6.3,0,1
3,1,0,0,0,0,1,0,0,0,0,1,0,21.2,-6.3,-8.4,1
4,1,0,0,0,0,1,0,0,0,0,1,0,21.2,-6.3,-8.4,1
5,1,0,0,0,0,1,0,0,0,0,1,0,21.2,-6.3,-8.4,1
6,1,0,0,0,0,1,0,0,0,0,1,0,0,0,-3,1
1,1,0,0,0,0,1,0,0,0,0,1,0,0,-6.3,0,1
2,1,0,0,0,0,1,0,0,0,0,1,0,21.2,-6.3,0,1
3,1,0,0,0,0,1,0,0,0,0,1,0,21.2,-6.3,-8.4,1
4,1,0,0,0,0,1,0,0,0,0,1,0,21.2,-6.3,-8.4,1
5,1,0,0,0,0,1,0,0,0,0,1,0,21.2,-6.3,-8.4,1
6,1,0,0,0,0,1,0,0,0,0,1,0,0,0,-3,1
1,1,0,0,0,0,1,0,0,0,0,1,0,0,-5.8,0,1
2,1,0,0,0,0,1,0,0,0,0,1,0,21.2,-5.8,0,1
3,1,0,0,0,0,1,0,0,0,0,1,0,21.2,-5.8,-8.4,1
4,1,0,0,0,0,1,0,0,0,0,1,0,21.2,-5.8,-8.4,1
5,1,0,0,0,0,1,0,0,0,0,1,0,21.2,-5.8,-8.4,1
6,1,0,0,0,0,1,0,0,0,0,1,0,0,0,-3,1
1,1,0,0,0,0,1,0,0,0,0,1,0,0,-5.3,0,1
2,1,0,0,0,0,1,0,0,0,0,1,0,21.2,-5.3,0,1
3,1,0,0,0,0,1,0,0,0,0,1,0,21.2,-5.3,-8.4,1
4,1,0,0,0,0,1,0,0,0,0,1,0,21.2,-5.3,-8.4,1
5,1,0,0,0,0,1,0,0,0,0,1,0,21.2,-5.3,-8.4,1
6,1,0,0,0,0,1,0,0,0,0,1,0,0,0,-3,1
1,1,0,0,0,0,1,0,0,0,0,1,0,0,-4.3,0,1
2,1,0,0,0,0,1,0,0,0,0,1,0,21.2,-4.3,0,1
3,1,0,0,0,0,1,0,0,0,0,1,0,21.2,-4.3,-8.4,1
4,1,0,0,0,0,1,0,0,0,0,1,0,21.2,-4.3,-8.4,1
5,1,0,0,0,0,1,0,0,0,0,1,0,21.2,-4.3,-8.4,1
6,1,0,0,0,0,1,0,0,0,0,1,0,0,0,-3,1
1,1,0,0,0,0,1,0,0,0,0,1,0,0,-3.3,0,1
2,1,0,0,0,0,1,0,0,0,0,1,0,21.2,-3.3,0,1
3,1,0,0,0,0,1,0,0,0,0,1,0,21.2,-3.3,-8.4,1
4,1,0,0,0,0,1,0,0,0,0,1,0,21.2,-3.3,-8.4,1
5,1,0,0,0,0,1,0,0,0,0,1,0,21.2,-3.3,-8.4,1
6,1,0,0,0,0,1,0,0,0,0,1,0,0,0,-3,1
1,1,0,0,0,0,1,0,0,0,0,1,0,0,-2.3,0,1
2,1,0,0,0,0,1,0,0,0,0,1,0,21.2,-2.3,0,1
3,1,0,0,0,0,1,0,0,0,0,1,0,21.2,-2.3,-8.4,1
4,1,0,0,0,0,1,0,0,0,0,1,0,21.2,-2.3,-8.4,1
5,1,0,0,0,0,1,0,0,0,0,1,0,21.2,-2.3,-8.4,1
6,1,0,0,0,0,1,0,0,0,0,1,0,0,0,-3,1
1,1,0,0,0,0,1,0,0,0,0,1,0,0,-1.8,0,1
2,1,0,0,0,0,1,0,0,0,0,1,0,21.2,-1.8,0,1
3,1,0,0,0,0,1,0,0,0,0,1,0,21.2,-1.8,-8.4,1
4,1,0,0,0,0,1,0,0,0,0,1,0,21.2,-1.8,-8.4,1
5,1,0,0,0,0,1,0,0,0,0,1,0,21.2,-1.8,-8.4,1
6,1,0,0,0,0,1,0,0,0,0,1,0,0,0,-3,1
1,1,0,0,0,0,1,0,0,0,0,1,0,0,-1.3,0,1
2,1,0,0,0,0,1,0,0,0,0,1,0,21.2,-1.3,0,1
3,1,0,0,0,0,1,0,0,0,0,1,0,21.2,-1.3,-8.4,1
4,1,0,0,0,0,1,0,0,0,0,1,0,21.2,-1.3,-8.4,1
5,1,0,0,0,0,1,0,0,0,0,1,0,21.2,-1.3,-8.4,1
6,1,0,0,0,0,1,0,0,0,0,1,0,0,0,-3,1
1,1,0,0,0,0,1,0,0,0,0,1,0,0,-1.3,0,1
2,1,0,0,0,0,1,0,0,0,0,1,0,21.2,-1.3,0,1
3,1,0,0,0,0,1,0,0,0,0,1,0,21.2,-1.3,-8.4,1
4,1,0,0,0,0,1,0,0,0,0,1,0,21.2,-1.3,-8.4,1
5,1,0,0,0,0,1,0,0,0,0,1,0,21.2,-1.3,-8.4,1
6,1,0,0,0,0,1,0,0,0,0,1,0,0,0,-3,1
1,1,0,0,0,0,1,0,0,0,0,1,0,0,-1.3,0,1
2,1,0,0,0,0,1,0,0,0,0,1,0,21.2,-1.3,0,1
3,1,0,0,0,0,1,0,0,0,0,1,0,21.2,-1.3,-8.4,1
4,1,0,0,0,0,1,0,0,0,0,1,0,21.2,-1.3,-8.4,1
5,1,0,0,0,0,1,0,0,0,0,1,0,21.2,-1.3,-8.4,1
6,1,0,0,0,0,1,0,0,0,0,1,0,0,0,-3,1
1,1,0,0,0,0,1,0,0,0,0,1,0,0,-1.8,0,1
2,1,0,0,0,0,1,0,0,0,0,1,0,21.2,-1.8,0,1
3,1,0,0,0,0,1,0,0,0,0,1,0,21.2,-1.8,-8.4,1
4,1,0,0,0,0,1,0,0,0,0,1,0,21.2,-1.8,-8.4,1
5,1,0,0,0,0,1,0,0,0,0,1,0,21.2,-1.8,-8.4,1
6,1,0,0,0,0,1,0,0,0,0,1,0,0,0,-3,1
1,1,0,0,0,0,1,0,0,0,0,1,0,0,-2.3,0,1
2,1,0,0,0,0,1,0,0,0,0,1,0,21.2,-2.3,0,1
3,1,0,0,0,0,1,0,0,0,0,1,0,21.2,-2.3,-8.4,1
4,1,0,0,0,0,1,0,0,0,0,1,0,21.2,-2.3,-8.4,1
5,1,0,0,0,0,1,0,0,0,0,1,0,21.2,-2.3,-8.4,1
6,1,0,0,0,0,1,0,0,0,0,1,0,0,0,-3,1
1,1,0,0,0,0,1,0,0,0,0,1,0,0,-3.3,0,1
2,1,0,0,0,0,1,0,0,0,0,1,0,20.2,-3.3,0,1
3,1,0,0,0,0,1,0,0,0,0,1,0,20.2,-3.3,-8.4,1
4,1,0,0,0,0,1,0,0,0,0,1,0,20.2,-3.3,-8.4,1
5,1,0,0,0,0,1,0,0,0,0,1,0,20.2,-3.3,-8.4,1
6,1,0,0,0,0,1,0,0,0,0,1,0,0,0,-3,1
1,1,0,0,0,0,1,0,0,0,0,1,0,0,-3.8,0,1
2,1,0,0,0,0,1,0,0,0,0,1,0,19.7,-3.8,0,1
3,1,0,0,0,0,1,0,0,0,0,1,0,19.7,-3.8,-8.4,1
4,1,0,0,0,0,1,0,0,0,0,1,0,19.7,-3.8,-8.4,1
5,1,0,0,0,0,1,0,0,0,0,1,0,19.7,-3.8,-8.4,1
6,1,0,0,0,0,1,0,0,0,0,1,0,0,0,-3,1
1,1,0,0,0,0,1,0,0,0,0,1,0,0,-3.8,0,1
2,1,0,0,0,0,1,0,0,0,0,1,0,19.2,-3.8,0,1
3,1,0,0,0,0,1,0,0,0,0,1,0,19.2,-3.8,-8.4,1
4,1,0,0,0,0,1,0,0,0,0,1,0,19.2,-3.8,-8.4,1
5,1,0,0,0,0,1,0,0,0,0,1,0,19.2,-3.8,-8.4,1
6,1,0,0,0,0,1,0,0,0,0,1,0,0,0,-3,1
1,1,0,0,0,0,1,0,0,0,0,1,0,0,-3.8,0,1
2,1,0,0,0,0,1,0,0,0,0,1,0,18.7,-3.8,0,1
3,1,0,0,0,0,1,0,0,0,0,1,0,18.7,-3.8,-8.4,1
4,1,0,0,0,0,1,0,0,0,0,1,0,18.7,-3.8,-8.4,1
5,1,0,0,0,0,1,0,0,0,0,1,0,18.7,-3.8,-8.4,1
6,1,0,0,0,0,1,0,0,0,0,1,0,0,0,-3,1
1,1,0,0,0,0,1,0,0,0,0,1,0,0,-3.8,0,1
2,1,0,0,0,0,1,0,0,0,0,1,0,18.7,-3.8,0,1
3,1,0,0,0,0,1,0,0,0,0,1,0,18.7,-3.8,-8.4,1
4,1,0,0,0,0,1,0,0,0,0,1,0,18.7,-3.8,-8.4,1
5,1,0,0,0,0,1,0,0,0,0,1,0,18.7,-3.8,-8.4,1
6,1,0,0,0,0,1,0,0,0,0,1,0,0,0,-3,1
1,1,0,0,0,0,1,0,0,0,0,1,0,0,-3.8,0,1
2,1,0,0,0,0,1,0,0,0,0,1,0,18.7,-3.8,0,1
3,1,0,0,0,0,1,0,0,0,0,1,0,18.7,-3.8,-8.4,1
4,1,0,0,0,0,1,0,0,0,0,1,0,18.7,-3.8,-8.4,1
5,1,0,0,0,0,1,0,0,0,0,1,0,18.7,-3.8,-8.4,1
6,1,0,0,0,0,1,0,0,0,0,1,0,0,0,-3,1
1,1,0,0,0,0,1,0,0,0,0,1,0,0,-3.8,0,1
2,1,0,0,0,0,1,0,0,0,0,1,0,19.2,-3.8,0,1
3,1,0,0,0,0,1,0,0,0,0,1,0,19.2,-3.8,-8.4,1
4,1,0,0,0,0,1,0,0,0,0,1,0,19.2,-3.8,-8.4,1
5,1,0,0,0,0,1,0,0,0,0,1,0,19.2,-3.8,-8.4,1
6,1,0,0,0,0,1,0,0,0,0,1,0,0,0,-3,1
1,1,0,0,0,0,1,0,0,0,0,1,0,0,-3.8,0,1
2,1,0,0,0,0,1,0,0,0,0,1,0,19.7,-3.8,0,1
3,1,0,0,0,0,1,0,0,0,0,1,0,19.7,-3.8,-8.4,1
4,1,0,0,0,0,1,0,0,0,0,1,0,19.7,-3.8,-8.4,1
5,1,0,0,0,0,1,0,0,0,0,1,0,19.7,-3.8,-8.4,1
6,1,0,0,0,0,1,0,0,0,0,1,0,0,0,-3,1
1,1,0,0,0,0,1,0,0,0,0,1,0,0,-3.8,0,1
2,1,0,0,0,0,1,0,0,0,0,1,0,20.7,-3.8,0,1
3,1,0,0,0,0,1,0,0,0,0,1,0,20.7,-3.8,-8.4,1
4,1,0,0,0,0,1,0,0,0,0,1,0,20.7,-3.8,-8.4,1
5,1,0,0,0,0,1,0,0,0,0,1,0,20.7,-3.8,-8.4,1
6,1,0,0,0,0,1,0,0,0,0,1,0,0,0,-3,1
1,1,0,0,0,0,1,0,0,0,0,1,0,0,-3.8,0,1
2,1,0,0,0,0,1,0,0,0,0,1,0,21.7,-3.8,0,1
3,1,0,0,0,0,1,0,0,0,0,1,0,21.7,-3.8,-8.4,1
4,1,0,0,0,0,1,0,0,0,0,1,0,21.7,-3.8,-8.4,1
5,1,0,0,0,0,1,0,0,0,0,1,0,21.7,-3.8,-8.4,1
6,1,0,0,0,0,1,0,0,0,0,1,0,0,0,-3,1
1,1,0,0,0,0,1,0,0,0,0,1,0,0,-3.8,0,1
2,1,0,0,0,0,1,0,0,0,0,1,0,22.7,-3.8,0,1
3,1,0,0,0,0,1,0,0,0,0,1,0,22.7,-3.8,-8.4,1
4,1,0,0,0,0,1,0,0,0,0,1,0,22.7,-3.8,-8.4,1
5,1,0,0,0,0,1,0,0,0,0,1,0,22.7,-3.8,-8.4,1
6,1,0,0,0,0,1,0,0,0,0,1,0,0,0,-3,1
1,1,0,0,0,0,1,0,0,0,0,1,0,0,-3.8,0,1
2,1,0,0,0,0,1,0,0,0,0,1,0,23.2,-3.8,0,1
3,1,0,0,0,0,1,0,0,0,0,1,0,23.2,-3.8,-8.4,1
4,1,0,0,0,0,1,0,0,0,0,1,0,23.2,-3.8,-8.4,1
5,1,0,0,0,0,1,0,0,0,0,1,0,23.2,-3.8,-8.4,1
6,1,0,0,0,0,1,0,0,0,0,1,0,0,0,-3,1
1,1,0,0,0,0,1,0,0,0,0,1,0,0,-3.8,0,1
2,1,0,0,0,0,1,0,0,0,0,1,0,23.7,-3.8,0,1
3,1,0,0,0,0,1,0,0,0,0,1,0,23.7,-3.8,-8.4,1
4,1,0,0,0,0,1,0,0,0,0,1,0,23.7,-3.8,-8.4,1
5,1,0,0,0,0,1,0,0,0,0,1,0,23.7,-3.8,-8.4,1
6,1,0,0,0,0,1,0,0,0,0,1,0,0,0,-3,1
1,1,0,0,0,0,1,0,0,0,0,1,0,0,-3.8,0,1
2,1,0,0,0,0,1,0,0,0,0,1,0,23.7,-3.8,0,1
3,1,0,0,0,0,1,0,0,0,0,1,0,23.7,-3.8,-8.4,1
4,1,0,0,0,0,1,0,0,0,0,1,0,23.7,-3.8,-8.4,1
5,1,0,0,0,0,1,0,0,0,0,1,0,23.7,-3.8,-8.4,1
6,1,0,0,0,0,1,0,0,0,0,1,0,0,0,-3,1
1,1,0,0,0,0,1,0,0,0,0,1,0,0,-3.8,0,1
2,1,0,0,0,0,1,0,0,0,0,1,0,23.7,-3.8,0,1
3,1,0,0,0,0,1,0,0,0,0,1,0,23.7,-3.8,-8.4,1
4,1,0,0,0,0,1,0,0,0,0,1,0,23.7,-3.8,-8.4,1
5,1,0,0,0,0,1,0,0,0,0,1,0,23.7,-3.8,-8.4,1
6,1,0,0,0,0,1,0,0,0,0,1,0,0,0,-3,1
1,1,0,0,0,0,1,0,0,0,0,1,0,0,-3.8,0,1
2,1,0,0,0,0,1,0,0,0,0,1,0,23.2,-3.8,0,1
3,1,0,0,0,0,1,0,0,0,0,1,0,23.2,-3.8,-8.4,1
4,1,0,0,0,0,1,0,0,0,0,1,0,23.2,-3.8,-8.4,1
5,1,0,0,0,0,1,0,0,0,0,1,0,23.2,-3.8,-8.4,1
6,1,0,0,0,0,1,0,0,0,0,1,0,0,0,-3,1
1,1,0,0,0,0,1,0,0,0,0,1,0,0,-3.8,0,1
2,1,0,0,0,0,1,0,0,0,0,1,0,22.7,-3.8,0,1
3,1,0,0,0,0,1,0,0,0,0,1,0,22.7,-3.8,-8.4,1
4,1,0,0,0,0,1,0,0,0,0,1,0,22.7,-3.8,-8.4,1
5,1,0,0,0,0,1,0,0,0,0,1,0,22.7,-3.8,-8.4,1
6,1,0,0,0,0,1,0,0,0,0,1,0,0,0,-3,1
1,1,0,0,0,0,1,0,0,0,0,1,0,0,-3.8,0,1
2,1,0,0,0,0,1,0,0,0,0,1,0,22.7,-3.8,0,1
3,1,0,0,0,0,1,0,0,0,0,1,0,22.7,-3.8,-7.4,1
4,1,0,0,0,0,1,0,0,0,0,1,0,22.7,-3.8,-7.4,1
5,1,0,0,0,0,1,0,0,0,0,1,0,22.7,-3.8,-7.4,1
6,1,0,0,0,0,1,0,0,0,0,1,0,0,0,-3,1
1,1,0,0,0,0,1,0,0,0,0,1,0,0,-3.8,0,1
2,1,0,0,0,0,1,0,0,0,0,1,0,22.7,-3.8,0,1
3,1,0,0,0,0,1,0,0,0,0,1,0,22.7,-3.8,-6.4,1
4,1,0,0,0,0,1,0,0,0,0,1,0,22.7,-3.8,-6.4,1
5,1,0,0,0,0,1,0,0,0,0,1,0,22.7,-3.8,-6.4,1
6,1,0,0,0,0,1,0,0,0,0,1,0,0,0,-3,1
1,1,0,0,0,0,1,0,0,0,0,1,0,0,-3.8,0,1
2,1,0,0,0,0,1,0,0,0,0,1,0,22.7,-3.8,0,1
3,1,0,0,0,0,1,0,0,0,0,1,0,22.7,-3.8,-4.4,1
4,1,0,0,0,0,1,0,0,0,0,1,0,22.7,-3.8,-4.4,1
5,1,0,0,0,0,1,0,0,0,0,1,0,22.7,-3.8,-4.4,1
6,1,0,0,0,0,1,0,0,0,0,1,0,0,0,-3,1
1,1,0,0,0,0,1,0,0,0,0,1,0,0,-4.8,0,1
2,1,0,0,0,0,1,0,0,0,0,1,0,21.7,-4.8,0,1
3,1,0,0,0,0,1,0,0,0,0,1,0,21.7,-4.8,-4.4,1
4,1,0,0,0,0,1,0,0,0,0,1,0,21.7,-4.8,-4.4,1
5,1,0,0,0,0,0.996194698,0.087155743,0,0,-0.087155743,0.996194698,0,21.7,-4.8,-4.4,1
6,1,0,0,0,0,1,0,0,0,0,1,0,0,0,-3,1
1,1,0,0,0,0,1,0,0,0,0,1,0,0,-5.8,0,1
2,1,0,0,0,0,1,0,0,0,0,1,0,20.7,-5.8,0,1
3,1,0,0,0,0,1,0,0,0,0,1,0,20.7,-5.8,-4.4,1
4,1,0,0,0,0,1,0,0,0,0,1,0,20.7,-5.8,-4.4,1
5,1,0,0,0,0,0.984807753,0.173648178,0,0,-0.173648178,0.984807753,0,20.7,-5.8,-4.4,1
6,1,0,0,0,0,1,0,0,0,0,1,0,0,0,-3,1
1,1,0,0,0,0,1,0,0,0,0,1,0,0,-7.8,0,1
2,1,0,0,0,0,1,0,0,0,0,1,0,18.7,-7.8,0,1
3,1,0,0,0,0,1,0,0,0,0,1,0,18.7,-7.8,-4.4,1
4,1,0,0,0,0,1,0,0,0,0,1,0,18.7,-7.8,-4.4,1
5,1,0,0,0,0,0.965925826,0.258819045,0,0,-0.258819045,0.965925826,0,18.7,-7.8,-4.4,1
6,1,0,0,0,0,1,0,0,0,0,1,0,0,0,-3,1
1,1,0,0,0,0,1,0,0,0,0,1,0,0,-9.8,0,1
2,1,0,0,0,0,1,0,0,0,0,1,0,16.7,-9.8,0,1
3,1,0,0,0,0,1,0,0,0,0,1,0,16.7,-9.8,-4.4,1
4,1,0,0,0,0,1,0,0,0,0,1,0,16.7,-9.8,-4.4,1
5,1,0,0,0,0,0.939692621,0.342020143,0,0,-0.342020143,0.939692621,0,16.7,-9.8,-4.4,1
6,1,0,0,0,0,1,0,0,0,0,1,0,0,0,-3,1
1,1,0,0,0,0,1,0,0,0,0,1,0,0,-11.8,0,1
2,1,0,0,0,0,1,0,0,0,0,1,0,14.7,-11.8,0,1
3,1,0,0,0,0,1,0,0,0,0,1,0,14.7,-11.8,-4.4,1
4,1,0,0,0,0,1,0,0,0,0,1,0,14.7,-11.8,-4.4,1
5,1,0,0,0,0,0.906307787,0.422618262,0,0,-0.422618262,0.906307787,0,14.7,-11.8,-4.4,1
6,1,0,0,0,0,1,0,0,0,0,1,0,0,0,-3,1
1,1,0,0,0,0,1,0,0,0,0,1,0,0,-13.8,0,1
2,1,0,0,0,0,1,0,0,0,0,1,0,13.2,-13.8,0,1
3,1,0,0,0,0,1,0,0,0,0,1,0,13.2,-13.8,-5.4,1
4,1,0,0,0,0,1,0,0,0,0,1,0,13.2,-13.8,-5.4,1
5,1,0,0,0,0,0.866025404,0.5,0,0,-0.5,0.866025404,0,13.2,-13.8,-5.4,1
6,1,0,0,0,0,1,0,0,0,0,1,0,0,0,-3,1
1,1,0,0,0,0,1,0,0,0,0,1,0,0,-15.8,0,1
2,1,0,0,0,0,1,0,0,0,0,1,0,13.2,-15.8,0,1
3,1,0,0,0,0,1,0,0,0,0,1,0,13.2,-15.8,-6.4,1
4,1,0,0,0,0,1,0,0,0,0,1,0,13.2,-15.8,-6.4,1
5,1,0,0,0,0,0.819152044,0.573576436,0,0,-0.573576436,0.819152044,0,13.2,-15.8,-6.4,1
6,1,0,0,0,0,1,0,0,0,0,1,0,0,0,-3,1
1,1,0,0,0,0,1,0,0,0,0,1,0,0,-17.8,0,1
2,1,0,0,0,0,1,0,0,0,0,1,0,13.2,-17.8,0,1
3,1,0,0,0,0,1,0,0,0,0,1,0,13.2,-17.8,-8.4,1
4,1,0,0,0,0,1,0,0,0,0,1,0,13.2,-17.8,-8.4,1
5,1,0,0,0,0,0.766044443,0.64278761,0,0,-0.64278761,0.766044443,0,13.2,-17.8,-8.4,1
6,1,0,0,0,0,1,0,0,0,0,1,0,0,0,-3,1
1,1,0,0,0,0,1,0,0,0,0,1,0,0,-19.8,0,1
2,1,0,0,0,0,1,0,0,0,0,1,0,13.2,-19.8,0,1
3,1,0,0,0,0,1,0,0,0,0,1,0,13.2,-19.8,-10.4,1
4,1,0,0,0,0,1,0,0,0,0,1,0,13.2,-19.8,-10.4,1
5,1,0,0,0,0,0.707106781,0.707106781,0,0,-0.707106781,0.707106781,0,13.2,-19.8,-10.4,1
6,1,0,0,0,0,1,0,0,0,0,1,0,0,0,-3,1
1,1,0,0,0,0,1,0,0,0,0,1,0,0,-20.5,0,1
2,1,0,0,0,0,1,0,0,0,0,1,0,13.2,-20.5,0,1
3,1,0,0,0,0,1,0,0,0,0,1,0,13.2,-20.5,-11.9,1
4,1,0,0,0,0,1,0,0,0,0,1,0,13.2,-20.5,-11.9,1
5,1,0,0,0,0,0.707106781,0.707106781,0,0,-0.707106781,0.707106781,0,13.2,-20.5,-11.9,1
6,1,0,0,0,0,1,0,0,0,0,1,0,0,0,-3,1
1,1,0,0,0,0,1,0,0,0,0,1,0,0,-20,0,1
2,1,0,0,0,0,1,0,0,0,0,1,0,13.2,-20,0,1
3,1,0,0,0,0,1,0,0,0,0,1,0,13.2,-20,-12.4,1
4,1,0,0,0,0,1,0,0,0,0,1,0,13.2,-20,-12.4,1
5,1,0,0,0,0,0.707106781,0.707106781,0,0,-0.707106781,0.707106781,0,13.2,-20,-12.4,1
6,1,0,0,0,0,1,0,0,0,0,1,0,0,0,-3,1
1,1,0,0,0,0,1,0,0,0,0,1,0,0,-19.5,0,1
2,1,0,0,0,0,1,0,0,0,0,1,0,13.2,-19.5,0,1
3,1,0,0,0,0,1,0,0,0,0,1,0,13.2,-19.5,-12.9,1
4,1,0,0,0,0,1,0,0,0,0,1,0,13.2,-19.5,-12.9,1
5,1,0,0,0,0,0.707106781,0.707106781,0,0,-0.707106781,0.707106781,0,13.2,-19.5,-12.9,1
6,1,0,0,0,0,1,0,0,0,0,1,0,0,0,-3,1
1,1,0,0,0,0,1,0,0,0,0,1,0,0,-19.5,0,1
2,1,0,0,0,0,1,0,0,0,0,1,0,13.2,-19.5,0,1
3,1,0,0,0,0,1,0,0,0,0,1,0,13.2,-19.5,-12.9,1
4,1,0,0,0,0,1,0,0,0,0,1,0,13.2,-19.5,-12.9,1
5,1,0,0,0,0,0.707106781,0.707106781,0,0,-0.707106781,0.707106781,0,13.2,-19.5,-12.9,1
6,1,0,0,0,0,1,0,0,0,0,1,0,0,0,-3,1
1,1,0,0,0,0,1,0,0,0,0,1,0,0,-19.5,0,1
2,1,0,0,0,0,1,0,0,0,0,1,0,13.2,-19.5,0,1
3,1,0,0,0,0,1,0,0,0,0,1,0,13.2,-19.5,-12.9,1
4,1,0,0,0,0,1,0,0,0,0,1,0,13.2,-19.5,-12.9,1
5,1,0,0,0,0,0.707106781,0.707106781,0,0,-0.707106781,0.707106781,0,13.2,-19.5,-12.9,1
6,1,0,0,0,0,1,0,0,0,0,1,0,0,0,-3,1
1,1,0,0,0,0,1,0,0,0,0,1,0,0,-20,0,1
2,1,0,0,0,0,1,0,0,0,0,1,0,13.2,-20,0,1
3,1,0,0,0,0,1,0,0,0,0,1,0,13.2,-20,-12.4,1
4,1,0,0,0,0,1,0,0,0,0,1,0,13.2,-20,-12.4,1
5,1,0,0,0,0,0.707106781,0.707106781,0,0,-0.707106781,0.707106781,0,13.2,-20,-12.4,1
6,1,0,0,0,0,1,0,0,0,0,1,0,0,0,-3,1
1,1,0,0,0,0,1,0,0,0,0,1,0,0,-20.5,0,1
2,1,0,0,0,0,1,0,0,0,0,1,0,13.2,-20.5,0,1
3,1,0,0,0,0,1,0,0,0,0,1,0,13.2,-20.5,-11.9,1
4,1,0,0,0,0,1,0,0,0,0,1,0,13.2,-20.5,-11.9,1
5,1,0,0,0,0,0.707106781,0.707106781,0,0,-0.707106781,0.707106781,0,13.2,-20.5,-11.9,1
6,1,0,0,0,0,1,0,0,0,0,1,0,0,0,-3,1
1,1,0,0,0,0,1,0,0,0,0,1,0,0,-20.5,0,1
2,1,0,0,0,0,1,0,0,0,0,1,0,14.2,-20.5,0,1
3,1,0,0,0,0,1,0,0,0,0,1,0,14.2,-20.5,-11.9,1
4,1,0,0,0,0,1,0,0,0,0,1,0,14.2,-20.5,-11.9,1
5,1,0,0,0,0,0.707106781,0.707106781,0,0,-0.707106781,0.707106781,0,14.2,-20.5,-11.9,1
6,1,0,0,0,0,1,0,0,0,0,1,0,0,0,-3,1
1,1,0,0,0,0,1,0,0,0,0,1,0,0,-20.5,0,1
2,1,0,0,0,0,1,0,0,0,0,1,0,15.2,-20.5,0,1
3,1,0,0,0,0,1,0,0,0,0,1,0,15.2,-20.5,-11.9,1
4,1,0,0,0,0,1,0,0,0,0,1,0,15.2,-20.5,-11.9,1
5,1,0,0,0,0,0.707106781,0.707106781,0,0,-0.707106781,0.707106781,0,15.2,-20.5,-11.9,1
6,1,0,0,0,0,1,0,0,0,0,1,0,0,0,-3,1
1,1,0,0,0,0,1,0,0,0,0,1,0,0,-20.5,0,1
2,1,0,0,0,0,1,0,0,0,0,1,0,17.2,-20.5,0,1
3,1,0,0,0,0,1,0,0,0,0,1,0,17.2,-20.5,-11.9,1
4,1,0,0,0,0,1,0,0,0,0,1,0,17.2,-20.5,-11.9,1
5,1,0,0,0,0,0.707106781,0.707106781,0,0,-0.707106781,0.707106781,0,17.2,-20.5,-11.9,1
6,1,0,0,0,0,1,0,0,0,0,1,0,0,0,-3,1
1,1,0,0,0,0,1,0,0,0,0,1,0,0,-20.5,0,1
2,1,0,0,0,0,1,0,0,0,0,1,0,19.2,-20.5,0,1
3,1,0,0,0,0,1,0,0,0,0,1,0,19.2,-20.5,-11.9,1
4,1,0,0,0,0,1,0,0,0,0,1,0,19.2,-20.5,-11.9,1
5,1,0,0,0,0,0.707106781,0.707106781,0,0,-0.707106781,0.707106781,0,19.2,-20.5,-11.9,1
6,1,0,0,0,0,1,0,0,0,0,1,0,0,0,-3,1
1,1,0,0,0,0,1,0,0,0,0,1,0,0,-20.5,0,1
2,1,0,0,0,0,1,0,0,0,0,1,0,21.2,-20.5,0,1
3,1,0,0,0,0,1,0,0,0,0,1,0,21.2,-20.5,-11.9,1
4,1,0,0,0,0,1,0,0,0,0,1,0,21.2,-20.5,-11.9,1
5,1,0,0,0,0,0.707106781,0.707106781,0,0,-0.707106781,0.707106781,0,21.2,-20.5,-11.9,1
6,1,0,0,0,0,1,0,0,0,0,1,0,0,0,-3,1
1,1,0,0,0,0,1,0,0,0,0,1,0,0,-20.5,0,1
2,1,0,0,0,0,1,0,0,0,0,1,0,23.2,-20.5,0,1
3,1,0,0,0,0,1,0,0,0,0,1,0,23.2,-20.5,-11.9,1
4,1,0,0,0,0,1,0,0,0,0,1,0,23.2,-20.5,-11.9,1
5,1,0,0,0,0,0.707106781,0.707106781,0,0,-0.707106781,0.707106781,0,23.2,-20.5,-11.9,1
6,1,0,0,0,0,1,0,0,0,0,1,0,0,0,-3,1
1,1,0,0,0,0,1,0,0,0,0,1,0,0,-20.5,0,1
2,1,0,0,0,0,1,0,0,0,0,1,0,25.2,-20.5,0,1
3,1,0,0,0,0,1,0,0,0,0,1,0,25.2,-20.5,-11.9,1
4,1,0,0,0,0,1,0,0,0,0,1,0,25.2,-20.5,-11.9,1
5,1,0,0,0,0,0.707106781,0.707106781,0,0,-0.707106781,0.707106781,0,25.2,-20.5,-11.9,1
6,1,0,0,0,0,1,0,0,0,0,1,0,0,0,-3,1
1,1,0,0,0,0,1,0,0,0,0,1,0,0,-20.5,0,1
2,1,0,0,0,0,1,0,0,0,0,1,0,27.2,-20.5,0,1
3,1,0,0,0,0,1,0,0,0,0,1,0,27.2,-20.5,-11.9,1
4,1,0,0,0,0,1,0,0,0,0,1,0,27.2,-20.5,-11.9,1
5,1,0,0,0,0,0.707106781,0.707106781,0,0,-0.707106781,0.707106781,0,27.2,-20.5,-11.9,1
6,1,0,0,0,0,1,0,0,0,0,1,0,0,0,-3,1
1,1,0,0,0,0,1,0,0,0,0,1,0,0,-20.5,0,1
2,1,0,0,0,0,1,0,0,0,0,1,0,27.8,-20.5,0,1
3,1,0,0,0,0,1,0,0,0,0,1,0,27.8,-20.5,-11.9,1
4,1,0,0,0,0,1,0,0,0,0,1,0,27.8,-20.5,-11.9,1
5,1,0,0,0,0,0.707106781,0.707106781,0,0,-0.707106781,0.707106781,0,27.8,-20.5,-11.9,1
6,1,0,0,0,0,1,0,0,0,0,1,0,0,0,-3,1
1,1,0,0,0,0,1,0,0,0,0,1,0,0,-20,0,1
2,1,0,0,0,0,1,0,0,0,0,1,0,27.8,-20,0,1
3,1,0,0,0,0,1,0,0,0,0,1,0,27.8,-20,-12.4,1
4,1,0,0,0,0,1,0,0,0,0,1,0,27.8,-20,-12.4,1
5,1,0,0,0,0,0.707106781,0.707106781,0,0,-0.707106781,0.707106781,0,27.8,-20,-12.4,1
6,1,0,0,0,0,1,0,0,0,0,1,0,0,0,-3,1
1,1,0,0,0,0,1,0,0,0,0,1,0,0,-19.5,0,1
2,1,0,0,0,0,1,0,0,0,0,1,0,27.8,-19.5,0,1
3,1,0,0,0,0,1,0,0,0,0,1,0,27.8,-19.5,-12.9,1
4,1,0,0,0,0,1,0,0,0,0,1,0,27.8,-19.5,-12.9,1
5,1,0,0,0,0,0.707106781,0.707106781,0,0,-0.707106781,0.707106781,0,27.8,-19.5,-12.9,1
6,1,0,0,0,0,1,0,0,0,0,1,0,0,0,-3,1
1,1,0,0,0,0,1,0,0,0,0,1,0,0,-19.5,0,1
2,1,0,0,0,0,1,0,0,0,0,1,0,27.8,-19.5,0,1
3,1,0,0,0,0,1,0,0,0,0,1,0,27.8,-19.5,-12.9,1
4,1,0,0,0,0,1,0,0,0,0,1,0,27.8,-19.5,-12.9,1
5,1,0,0,0,0,0.707106781,0.707106781,0,0,-0.707106781,0.707106781,0,27.8,-19.5,-12.9,1
6,1,0,0,0,0,1,0,0,0,0,1,0,0,0,-3,1
1,1,0,0,0,0,1,0,0,0,0,1,0,0,-19.5,0,1
2,1,0,0,0,0,1,0,0,0,0,1,0,27.8,-19.5,0,1
3,1,0,0,0,0,1,0,0,0,0,1,0,27.8,-19.5,-12.9,1
4,1,0,0,0,0,1,0,0,0,0,1,0,27.8,-19.5,-12.9,1
5,1,0,0,0,0,0.707106781,0.707106781,0,0,-0.707106781,0.707106781,0,27.8,-19.5,-12.9,1
6,1,0,0,0,0,1,0,0,0,0,1,0,0,0,-3,1
1,1,0,0,0,0,1,0,0,0,0,1,0,0,-20,0,1
2,1,0,0,0,0,1,0,0,0,0,1,0,27.8,-20,0,1
3,1,0,0,0,0,1,0,0,0,0,1,0,27.8,-20,-12.4,1
4,1,0,0,0,0,1,0,0,0,0,1,0,27.8,-20,-12.4,1
5,1,0,0,0,0,0.707106781,0.707106781,0,0,-0.707106781,0.707106781,0,27.8,-20,-12.4,1
6,1,0,0,0,0,1,0,0,0,0,1,0,0,0,-3,1
1,1,0,0,0,0,1,0,0,0,0,1,0,0,-20.5,0,1
2,1,0,0,0,0,1,0,0,0,0,1,0,27.8,-20.5,0,1
3,1,0,0,0,0,1,0,0,0,0,1,0,27.8,-20.5,-11.9,1
4,1,0,0,0,0,1,0,0,0,0,1,0,27.8,-20.5,-11.9,1
5,1,0,0,0,0,0.707106781,0.707106781,0,0,-0.707106781,0.707106781,0,27.8,-20.5,-11.9,1
6,1,0,0,0,0,1,0,0,0,0,1,0,0,0,-3,1
1,1,0,0,0,0,1,0,0,0,0,1,0,0,-21.5,0,1
2,1,0,0,0,0,1,0,0,0,0,1,0,27.8,-21.5,0,1
3,1,0,0,0,0,1,0,0,0,0,1,0,27.8,-21.5,-12.9,1
4,1,0,0,0,0,1,0,0,0,0,1,0,27.8,-21.5,-12.9,1
5,1,0,0,0,0,0.707106781,0.707106781,0,0,-0.707106781,0.707106781,0,27.8,-21.5,-12.9,1
6,1,0,0,0,0,1,0,0,0,0,1,0,0,0,-3,1
1,1,0,0,0,0,1,0,0,0,0,1,0,0,-23.5,0,1
2,1,0,0,0,0,1,0,0,0,0,1,0,27.8,-23.5,0,1
3,1,0,0,0,0,1,0,0,0,0,1,0,27.8,-23.5,-14.9,1
4,1,0,0,0,0,1,0,0,0,0,1,0,27.8,-23.5,-14.9,1
5,1,0,0,0,0,0.707106781,0.707106781,0,0,-0.707106781,0.707106781,0,27.8,-23.5,-14.9,1
6,1,0,0,0,0,1,0,0,0,0,1,0,0,0,-3,1
1,1,0,0,0,0,1,0,0,0,0,1,0,0,-25.5,0,1
2,1,0,0,0,0,1,0,0,0,0,1,0,27.8,-25.5,0,1
3,1,0,0,0,0,1,0,0,0,0,1,0,27.8,-25.5,-16.9,1
4,1,0,0,0,0,1,0,0,0,0,1,0,27.8,-25.5,-16.9,1
5,1,0,0,0,0,0.707106781,0.707106781,0,0,-0.707106781,0.707106781,0,27.8,-25.5,-16.9,1
6,1,0,0,0,0,1,0,0,0,0,1,0,0,0,-3,1
1,1,0,0,0,0,1,0,0,0,0,1,0,0,-27.5,0,1
2,1,0,0,0,0,1,0,0,0,0,1,0,27.8,-27.5,0,1
3,1,0,0,0,0,1,0,0,0,0,1,0,27.8,-27.5,-18.9,1
4,1,0,0,0,0,1,0,0,0,0,1,0,27.8,-27.5,-18.9,1
5,1,0,0,0,0,0.707106781,0.707106781,0,0,-0.707106781,0.707106781,0,27.8,-27.5,-18.9,1
6,1,0,0,0,0,1,0,0,0,0,1,0,0,0,-3,1
1,1,0,0,0,0,1,0,0,0,0,1,0,0,-29.5,0,1
2,1,0,0,0,0,1,0,0,0,0,1,0,27.8,-29.5,0,1
3,1,0,0,0,0,1,0,0,0,0,1,0,27.8,-29.5,-20.9,1
4,1,0,0,0,0,1,0,0,0,0,1,0,27.8,-29.5,-20.9,1
5,1,0,0,0,0,0.707106781,0.707106781,0,0,-0.707106781,0.707106781,0,27.8,-29.5,-20.9,1
6,1,0,0,0,0,1,0,0,0,0,1,0,0,0,-3,1
1,1,0,0,0,0,1,0,0,0,0,1,0,0,-31.5,0,1
2,1,0,0,0,0,1,0,0,0,0,1,0,27.8,-31.5,0,1
3,1,0,0,0,0,1,0,0,0,0,1,0,27.8,-31.5,-22.9,1
4,1,0,0,0,0,1,0,0,0,0,1,0,27.8,-31.5,-22.9,1
5,1,0,0,0,0,0.707106781,0.707106781,0,0,-0.707106781,0.707106781,0,27.8,-31.5,-22.9,1
6,1,0,0,0,0,1,0,0,0,0,1,0,0,0,-3,1
1,1,0,0,0,0,1,0,0,0,0,1,0,0,-33.5,0,1
2,1,0,0,0,0,1,0,0,0,0,1,0,27.8,-33.5,0,1
3,1,0,0,0,0,1,0,0,0,0,1,0,27.8,-33.5,-24.9,1
4,1,0,0,0,0,1,0,0,0,0,1,0,27.8,-33.5,-24.9,1
5,1,0,0,0,0,0.707106781,0.707106781,0,0,-0.707106781,0.707106781,0,27.8,-33.5,-24.9,1
6,1,0,0,0,0,1,0,0,0,0,1,0,0,0,-3,1
1,1,0,0,0,0,1,0,0,0,0,1,0,0,-35.5,0,1
2,1,0,0,0,0,1,0,0,0,0,1,0,27.8,-35.5,0,1
3,1,0,0,0,0,1,0,0,0,0,1,0,27.8,-35.5,-26.9,1
4,1,0,0,0,0,1,0,0,0,0,1,0,27.8,-35.5,-26.9,1
5,1,0,0,0,0,0.707106781,0.707106781,0,0,-0.707106781,0.707106781,0,27.8,-35.5,-26.9,1
6,1,0,0,0,0,1,0,0,0,0,1,0,0,0,-3,1
1,1,0,0,0,0,1,0,0,0,0,1,0,0,-36.7,0,1
2,1,0,0,0,0,1,0,0,0,0,1,0,27.8,-36.7,0,1
3,1,0,0,0,0,1,0,0,0,0,1,0,27.8,-36.7,-28.1,1
4,1,0,0,0,0,1,0,0,0,0,1,0,27.8,-36.7,-28.1,1
5,1,0,0,0,0,0.707106781,0.707106781,0,0,-0.707106781,0.707106781,0,27.8,-36.7,-28.1,1
6,1,0,0,0,0,1,0,0,0,0,1,0,0,0,-3,1
1,1,0,0,0,0,1,0,0,0,0,1,0,0,-36.2,0,1
2,1,0,0,0,0,1,0,0,0,0,1,0,27.8,-36.2,0,1
3,1,0,0,0,0,1,0,0,0,0,1,0,27.8,-36.2,-28.6,1
4,1,0,0,0,0,1,0,0,0,0,1,0,27.8,-36.2,-28.6,1
5,1,0,0,0,0,0.707106781,0.707106781,0,0,-0.707106781,0.707106781,0,27.8,-36.2,-28.6,1
6,1,0,0,0,0,1,0,0,0,0,1,0,0,0,-3,1
1,1,0,0,0,0,1,0,0,0,0,1,0,0,-35.7,0,1
2,1,0,0,0,0,1,0,0,0,0,1,0,27.8,-35.7,0,1
3,1,0,0,0,0,1,0,0,0,0,1,0,27.8,-35.7,-29.1,1
4,1,0,0,0,0,1,0,0,0,0,1,0,27.8,-35.7,-29.1,1
5,1,0,0,0,0,0.707106781,0.707106781,0,0,-0.707106781,0.707106781,0,27.8,-35.7,-29.1,1
6,1,0,0,0,0,1,0,0,0,0,1,0,0,0,-3,1
1,1,0,0,0,0,1,0,0,0,0,1,0,0,-35.7,0,1
2,1,0,0,0,0,1,0,0,0,0,1,0,27.8,-35.7,0,1
3,1,0,0,0,0,1,0,0,0,0,1,0,27.8,-35.7,-29.1,1
4,1,0,0,0,0,1,0,0,0,0,1,0,27.8,-35.7,-29.1,1
5,1,0,0,0,0,0.707106781,0.707106781,0,0,-0.707106781,0.707106781,0,27.8,-35.7,-29.1,1
6,1,0,0,0,0,1,0,0,0,0,1,0,0,0,-3,1
1,1,0,0,0,0,1,0,0,0,0,1,0,0,-35.7,0,1
2,1,0,0,0,0,1,0,0,0,0,1,0,27.8,-35.7,0,1
3,1,0,0,0,0,1,0,0,0,0,1,0,27.8,-35.7,-29.1,1
4,1,0,0,0,0,1,0,0,0,0,1,0,27.8,-35.7,-29.1,1
5,1,0,0,0,0,0.707106781,0.707106781,0,0,-0.707106781,0.707106781,0,27.8,-35.7,-29.1,1
6,1,0,0,0,0,1,0,0,0,0,1,0,0,0,-3,1
1,1,0,0,0,0,1,0,0,0,0,1,0,0,-36.2,0,1
2,1,0,0,0,0,1,0,0,0,0,1,0,27.8,-36.2,0,1
3,1,0,0,0,0,1,0,0,0,0,1,0,27.8,-36.2,-28.6,1
4,1,0,0,0,0,1,0,0,0,0,1,0,27.8,-36.2,-28.6,1
5,1,0,0,0,0,0.707106781,0.707106781,0,0,-0.707106781,0.707106781,0,27.8,-36.2,-28.6,1
6,1,0,0,0,0,1,0,0,0,0,1,0,0,0,-3,1
1,1,0,0,0,0,1,0,0,0,0,1,0,0,-36.7,0,1
2,1,0,0,0,0,1,0,0,0,0,1,0,27.8,-36.7,0,1
3,1,0,0,0,0,1,0,0,0,0,1,0,27.8,-36.7,-28.1,1
4,1,0,0,0,0,1,0,0,0,0,1,0,27.8,-36.7,-28.1,1
5,1,0,0,0,0,0.707106781,0.707106781,0,0,-0.707106781,0.707106781,0,27.8,-36.7,-28.1,1
6,1,0,0,0,0,1,0,0,0,0,1,0,0,0,-3,1
1,1,0,0,0,0,1,0,0,0,0,1,0,0,-35.7,0,1
2,1,0,0,0,0,1,0,0,0,0,1,0,26.8,-35.7,0,1
3,1,0,0,0,0,1,0,0,0,0,1,0,26.8,-35.7,-27.1,1
4,1,0,0,0,0,1,0,0,0,0,1,0,26.8,-35.7,-27.1,1
5,1,0,0,0,0,0.707106781,0.707106781,0,0,-0.707106781,0.707106781,0,26.8,-35.7,-27.1,1
6,1,0,0,0,0,1,0,0,0,0,1,0,0,0,-3,1
1,1,0,0,0,0,1,0,0,0,0,1,0,0,-33.7,0,1
2,1,0,0,0,0,1,0,0,0,0,1,0,24.8,-33.7,0,1
3,1,0,0,0,0,1,0,0,0,0,1,0,24.8,-33.7,-25.1,1
4,1,0,0,0,0,1,0,0,0,0,1,0,24.8,-33.7,-25.1,1
5,1,0,0,0,0,0.707106781,0.707106781,0,0,-0.707106781,0.707106781,0,24.8,-33.7,-25.1,1
6,1,0,0,0,0,1,0,0,0,0,1,0,0,0,-3,1
1,1,0,0,0,0,1,0,0,0,0,1,0,0,-31.7,0,1
2,1,0,0,0,0,1,0,0,0,0,1,0,22.8,-31.7,0,1
3,1,0,0,0,0,1,0,0,0,0,1,0,22.8,-31.7,-23.1,1
4,1,0,0,0,0,1,0,0,0,0,1,0,22.8,-31.7,-23.1,1
5,1,0,0,0,0,0.707106781,0.707106781,0,0,-0.707106781,0.707106781,0,22.8,-31.7,-23.1,1
6,1,0,0,0,0,1,0,0,0,0,1,0,0,0,-3,1
1,1,0,0,0,0,1,0,0,0,0,1,0,0,-29.7,0,1
2,1,0,0,0,0,1,0,0,0,0,1,0,20.8,-29.7,0,1
3,1,0,0,0,0,1,0,0,0,0,1,0,20.8,-29.7,-21.1,1
4,1,0,0,0,0,1,0,0,0,0,1,0,20.8,-29.7,-21.1,1
5,1,0,0,0,0,0.707106781,0.707106781,0,0,-0.707106781,0.707106781,0,20.8,-29.7,-21.1,1
6,1,0,0,0,0,1,0,0,0,0,1,0,0,0,-3,1
1,1,0,0,0,0,1,0,0,0,0,1,0,0,-28.6,0,1
2,1,0,0,0,0,1,0,0,0,0,1,0,18.8,-28.6,0,1
3,1,0,0,0,0,1,0,0,0,0,1,0,18.8,-28.6,-20.4,1
4,1,0,0,0,0,1,0,0,0,0,1,0,18.8,-28.6,-20.4,1
5,1,0,0,0,0,0.707106781,0.707106781,0,0,-0.707106781,0.707106781,0,18.8,-28.6,-20.4,1
6,1,0,0,0,0,1,0,0,0,0,1,0,0,0,-3,1
1,1,0,0,0,0,1,0,0,0,0,1,0,0,-28.6,0,1
2,1,0,0,0,0,1,0,0,0,0,1,0,17.2,-28.6,0,1
3,1,0,0,0,0,1,0,0,0,0,1,0,17.2,-28.6,-20.4,1
4,1,0,0,0,0,1,0,0,0,0,1,0,17.2,-28.6,-20.4,1
5,1,0,0,0,0,0.707106781,0.707106781,0,0,-0.707106781,0.707106781,0,17.2,-28.6,-20.4,1
6,1,0,0,0,0,1,0,0,0,0,1,0,0,0,-3,1
1,1,0,0,0,0,1,0,0,0,0,1,0,0,-28.1,0,1
2,1,0,0,0,0,1,0,0,0,0,1,0,17.2,-28.1,0,1
3,1,0,0,0,0,1,0,0,0,0,1,0,17.2,-28.1,-20.9,1
4,1,0,0,0,0,1,0,0,0,0,1,0,17.2,-28.1,-20.9,1
5,1,0,0,0,0,0.707106781,0.707106781,0,0,-0.707106781,0.707106781,0,17.2,-28.1,-20.9,1
6,1,0,0,0,0,1,0,0,0,0,1,0,0,0,-3,1
1,1,0,0,0,0,1,0,0,0,0,1,0,0,-27.6,0,1
2,1,0,0,0,0,1,0,0,0,0,1,0,17.2,-27.6,0,1
3,1,0,0,0,0,1,0,0,0,0,1,0,17.2,-27.6,-21.4,1
4,1,0,0,0,0,1,0,0,0,0,1,0,17.2,-27.6,-21.4,1
5,1,0,0,0,0,0.707106781,0.707106781,0,0,-0.707106781,0.707106781,0,17.2,-27.6,-21.4,1
6,1,0,0,0,0,1,0,0,0,0,1,0,0,0,-3,1
1,1,0,0,0,0,1,0,0,0,0,1,0,0,-27.6,0,1
2,1,0,0,0,0,1,0,0,0,0,1,0,16.7,-27.6,0,1
3,1,0,0,0,0,1,0,0,0,0,1,0,16.7,-27.6,-21.4,1
4,1,0,0,0,0,1,0,0,0,0,1,0,16.7,-27.6,-21.4,1
5,1,0,0,0,0,0.707106781,0.707106781,0,0,-0.707106781,0.707106781,0,16.7,-27.6,-21.4,1
6,1,0,0,0,0,1,0,0,0,0,1,0,0,0,-3,1
1,1,0,0,0,0,1,0,0,0,0,1,0,0,-27.6,0,1
2,1,0,0,0,0,1,0,0,0,0,1,0,16.2,-27.6,0,1
3,1,0,0,0,0,1,0,0,0,0,1,0,16.2,-27.6,-21.4,1
4,1,0,0,0,0,1,0,0,0,0,1,0,16.2,-27.6,-21.4,1
5,1,0,0,0,0,0.707106781,0.707106781,0,0,-0.707106781,0.707106781,0,16.2,-27.6,-21.4,1
6,1,0,0,0,0,1,0,0,0,0,1,0,0,0,-3,1
1,1,0,0,0,0,1,0,0,0,0,1,0,0,-27.6,0,1
2,1,0,0,0,0,1,0,0,0,0,1,0,16.2,-27.6,0,1
3,1,0,0,0,0,1,0,0,0,0,1,0,16.2,-27.6,-21.4,1
4,1,0,0,0,0,1,0,0,0,0,1,0,16.2,-27.6,-21.4,1
5,1,0,0,0,0,0.707106781,0.707106781,0,0,-0.707106781,0.707106781,0,16.2,-27.6,-21.4,1
6,1,0,0,0,0,1,0,0,0,0,1,0,0,0,-3,1
1,1,0,0,0,0,1,0,0,0,0,1,0,0,-27.6,0,1
2,1,0,0,0,0,1,0,0,0,0,1,0,16.2,-27.6,0,1
3,1,0,0,0,0,1,0,0,0,0,1,0,16.2,-27.6,-21.4,1
4,1,0,0,0,0,1,0,0,0,0,1,0,16.2,-27.6,-21.4,1
5,1,0,0,0,0,0.707106781,0.707106781,0,0,-0.707106781,0.707106781,0,16.2,-27.6,-21.4,1
6,1,0,0,0,0,1,0,0,0,0,1,0,0,0,-3,1
1,1,0,0,0,0,1,0,0,0,0,1,0,0,-27.6,0,1
2,1,0,0,0,0,1,0,0,0,0,1,0,16.7,-27.6,0,1
3,1,0,0,0,0,1,0,0,0,0,1,0,16.7,-27.6,-21.4,1
4,1,0,0,0,0,1,0,0,0,0,1,0,16.7,-27.6,-21.4,1
5,1,0,0,0,0,0.707106781,0.707106781,0,0,-0.707106781,0.707106781,0,16.7,-27.6,-21.4,1
6,1,0,0,0,0,1,0,0,0,0,1,0,0,0,-3,1
1,1,0,0,0,0,1,0,0,0,0,1,0,0,-27.6,0,1
2,1,0,0,0,0,1,0,0,0,0,1,0,17.2,-27.6,0,1
3,1,0,0,0,0,1,0,0,0,0,1,0,17.2,-27.6,-21.4,1
4,1,0,0,0,0,1,0,0,0,0,1,0,17.2,-27.6,-21.4,1
5,1,0,0,0,0,0.707106781,0.707106781,0,0,-0.707106781,0.707106781,0,17.2,-27.6,-21.4,1
6,1,0,0,0,0,1,0,0,0,0,1,0,0,0,-3,1
1,1,0,0,0,0,1,0,0,0,0,1,0,0,-27.6,0,1
2,1,0,0,0,0,1,0,0,0,0,1,0,18.2,-27.6,0,1
3,1,0,0,0,0,1,0,0,0,0,1,0,18.2,-27.6,-21.4,1
4,1,0,0,0,0,1,0,0,0,0,1,0,18.2,-27.6,-21.4,1
5,1,0,0,0,0,0.707106781,0.707106781,0,0,-0.707106781,0.707106781,0,18.2,-27.6,-21.4,1
6,1,0,0,0,0,1,0,0,0,0,1,0,0,0,-3,1
1,1,0,0,0,0,1,0,0,0,0,1,0,0,-27.6,0,1
2,1,0,0,0,0,1,0,0,0,0,1,0,20.2,-27.6,0,1
3,1,0,0,0,0,1,0,0,0,0,1,0,20.2,-27.6,-21.4,1
4,1,0,0,0,0,1,0,0,0,0,1,0,20.2,-27.6,-21.4,1
5,1,0,0,0,0,0.707106781,0.707106781,0,0,-0.707106781,0.707106781,0,20.2,-27.6,-21.4,1
6,1,0,0,0,0,1,0,0,0,0,1,0,0,0,-3,1
1,1,0,0,0,0,1,0,0,0,0,1,0,0,-27.6,0,1
2,1,0,0,0,0,1,0,0,0,0,1,0,22.2,-27.6,0,1
3,1,0,0,0,0,1,0,0,0,0,1,0,22.2,-27.6,-21.4,1
4,1,0,0,0,0,1,0,0,0,0,1,0,22.2,-27.6,-21.4,1
5,1,0,0,0,0,0.707106781,0.707106781,0,0,-0.707106781,0.707106781,0,22.2,-27.6,-21.4,1
6,1,0,0,0,0,1,0,0,0,0,1,0,0,0,-3,1
1,1,0,0,0,0,1,0,0,0,0,1,0,0,-27.6,0,1
2,1,0,0,0,0,1,0,0,0,0,1,0,24.2,-27.6,0,1
3,1,0,0,0,0,1,0,0,0,0,1,0,24.2,-27.6,-21.4,1
4,1,0,0,0,0,1,0,0,0,0,1,0,24.2,-27.6,-21.4,1
5,1,0,0,0,0,0.707106781,0.707106781,0,0,-0.707106781,0.707106781,0,24.2,-27.6,-21.4,1
6,1,0,0,0,0,1,0,0,0,0,1,0,0,0,-3,1
1,1,0,0,0,0,1,0,0,0,0,1,0,0,-27.6,0,1
2,1,0,0,0,0,1,0,0,0,0,1,0,25.2,-27.6,0,1
3,1,0,0,0,0,1,0,0,0,0,1,0,25.2,-27.6,-21.4,1
4,1,0,0,0,0,1,0,0,0,0,1,0,25.2,-27.6,-21.4,1
5,1,0,0,0,0,0.707106781,0.707106781,0,0,-0.707106781,0.707106781,0,25.2,-27.6,-21.4,1
6,1,0,0,0,0,1,0,0,0,0,1,0,0,0,-3,1
1,1,0,0,0,0,1,0,0,0,0,1,0,0,-27.6,0,1
2,1,0,0,0,0,1,0,0,0,0,1,0,25.7,-27.6,0,1
3,1,0,0,0,0,1,0,0,0,0,1,0,25.7,-27.6,-21.4,1
4,1,0,0,0,0,1,0,0,0,0,1,0,25.7,-27.6,-21.4,1
5,1,0,0,0,0,0.707106781,0.707106781,0,0,-0.707106781,0.707106781,0,25.7,-27.6,-21.4,1
6,1,0,0,0,0,1,0,0,0,0,1,0,0,0,-3,1
1,1,0,0,0,0,1,0,0,0,0,1,0,0,-27.6,0,1
2,1,0,0,0,0,1,0,0,0,0,1,0,26.2,-27.6,0,1
3,1,0,0,0,0,1,0,0,0,0,1,0,26.2,-27.6,-21.4,1
4,1,0,0,0,0,1,0,0,0,0,1,0,26.2,-27.6,-21.4,1
5,1,0,0,0,0,0.707106781,0.707106781,0,0,-0.707106781,0.707106781,0,26.2,-27.6,-21.4,1
6,1,0,0,0,0,1,0,0,0,0,1,0,0,0,-3,1
1,1,0,0,0,0,1,0,0,0,0,1,0,0,-27.6,0,1
2,1,0,0,0,0,1,0,0,0,0,1,0,26.2,-27.6,0,1
3,1,0,0,0,0,1,0,0,0,0,1,0,26.2,-27.6,-21.4,1
4,1,0,0,0,0,1,0,0,0,0,1,0,26.2,-27.6,-21.4,1
5,1,0,0,0,0,0.707106781,0.707106781,0,0,-0.707106781,0.707106781,0,26.2,-27.6,-21.4,1
6,1,0,0,0,0,1,0,0,0,0,1,0,0,0,-3,1
1,1,0,0,0,0,1,0,0,0,0,1,0,0,-27.6,0,1
2,1,0,0,0,0,1,0,0,0,0,1,0,26.2,-27.6,0,1
3,1,0,0,0,0,1,0,0,0,0,1,0,26.2,-27.6,-21.4,1
4,1,0,0,0,0,1,0,0,0,0,1,0,26.2,-27.6,-21.4,1
5,1,0,0,0,0,0.707106781,0.707106781,0,0,-0.707106781,0.707106781,0,26.2,-27.6,-21.4,1
6,1,0,0,0,0,1,0,0,0,0,1,0,0,0,-3,1
1,1,0,0,0,0,1,0,0,0,0,1,0,0,-27.6,0,1
2,1,0,0,0,0,1,0,0,0,0,1,0,25.7,-27.6,0,1
3,1,0,0,0,0,1,0,0,0,0,1,0,25.7,-27.6,-21.4,1
4,1,0,0,0,0,1,0,0,0,0,1,0,25.7,-27.6,-21.4,1
5,1,0,0,0,0,0.707106781,0.707106781,0,0,-0.707106781,0.707106781,0,25.7,-27.6,-21.4,1
6,1,0,0,0,0,1,0,0,0,0,1,0,0,0,-3,1
1,1,0,0,0,0,1,0,0,0,0,1,0,0,-27.6,0,1
2,1,0,0,0,0,1,0,0,0,0,1,0,25.2,-27.6,0,1
3,1,0,0,0,0,1,0,0,0,0,1,0,25.2,-27.6,-21.4,1
4,1,0,0,0,0,1,0,0,0,0,1,0,25.2,-27.6,-21.4,1
5,1,0,0,0,0,0.707106781,0.707106781,0,0,-0.707106781,0.707106781,0,25.2,-27.6,-21.4,1
6,1,0,0,0,0,1,0,0,0,0,1,0,0,0,-3,1
1,1,0,0,0,0,1,0,0,0,0,1,0,0,-26.6,0,1
2,1,0,0,0,0,1,0,0,0,0,1,0,24.2,-26.6,0,1
3,1,0,0,0,0,1,0,0,0,0,1,0,24.2,-26.6,-20.4,1
4,1,0,0,0,0,1,0,0,0,0,1,0,24.2,-26.6,-20.4,1
5,1,0,0,0,0,0.707106781,0.707106781,0,0,-0.707106781,0.707106781,0,24.2,-26.6,-20.4,1
6,1,0,0,0,0,1,0,0,0,0,1,0,0,0,-3,1
1,1,0,0,0,0,1,0,0,0,0,1,0,0,-25.5,0,1
2,1,0,0,0,0,1,0,0,0,0,1,0,22.2,-25.5,0,1
3,1,0,0,0,0,1,0,0,0,0,1,0,22.2,-25.5,-19.2,1
4,1,0,0,0,0,1,0,0,0,0,1,0,22.2,-25.5,-19.2,1
5,1,0,0,0,0,0.707106781,0.707106781,0,0,-0.707106781,0.707106781,0,22.2,-25.5,-19.2,1
6,1,0,0,0,0,1,0,0,0,0,1,0,0,0,-3,1
1,1,0,0,0,0,1,0,0,0,0,1,0,0,-25.5,0,1
2,1,0,0,0,0,1,0,0,0,0,1,0,21.2,-25.5,0,1
3,1,0,0,0,0,1,0,0,0,0,1,0,21.2,-25.5,-19.2,1
4,1,0,0,0,0,1,0,0,0,0,1,0,21.2,-25.5,-19.2,1
5,1,0,0,0,0,0.707106781,0.707106781,0,0,-0.707106781,0.707106781,0,21.2,-25.5,-19.2,1
6,1,0,0,0,0,1,0,0,0,0,1,0,0,0,-3,1
1,1,0,0,0,0,1,0,0,0,0,1,0,0,-25,0,1
2,1,0,0,0,0,1,0,0,0,0,1,0,21.2,-25,0,1
3,1,0,0,0,0,1,0,0,0,0,1,0,21.2,-25,-18.7,1
4,1,0,0,0,0,1,0,0,0,0,1,0,21.2,-25,-18.7,1
5,1,0,0,0,0,0.707106781,0.707106781,0,0,-0.707106781,0.707106781,0,21.2,-25,-18.7,1
6,1,0,0,0,0,1,0,0,0,0,1,0,0,0,-3,1
1,1,0,0,0,0,1,0,0,0,0,1,0,0,-24.5,0,1
2,1,0,0,0,0,1,0,0,0,0,1,0,21.2,-24.5,0,1
3,1,0,0,0,0,1,0,0,0,0,1,0,21.2,-24.5,-18.2,1
4,1,0,0,0,0,1,0,0,0,0,1,0,21.2,-24.5,-18.2,1
5,1,0,0,0,0,0.707106781,0.707106781,0,0,-0.707106781,0.707106781,0,21.2,-24.5,-18.2,1
6,1,0,0,0,0,1,0,0,0,0,1,0,0,0,-3,1
1,1,0,0,0,0,1,0,0,0,0,1,0,0,-24.5,0,1
2,1,0,0,0,0,1,0,0,0,0,1,0,21.2,-24.5,0,1
3,1,0,0,0,0,1,0,0,0,0,1,0,21.2,-24.5,-18.2,1
4,1,0,0,0,0,1,0,0,0,0,1,0,21.2,-24.5,-18.2,1
5,1,0,0,0,0,0.707106781,0.707106781,0,0,-0.707106781,0.707106781,0,21.2,-24.5,-18.2,1
6,1,0,0,0,0,1,0,0,0,0,1,0,0,0,-3,1
1,1,0,0,0,0,1,0,0,0,0,1,0,0,-24.5,0,1
2,1,0,0,0,0,1,0,0,0,0,1,0,21.2,-24.5,0,1
3,1,0,0,0,0,1,0,0,0,0,1,0,21.2,-24.5,-18.2,1
4,1,0,0,0,0,1,0,0,0,0,1,0,21.2,-24.5,-18.2,1
5,1,0,0,0,0,0.707106781,0.707106781,0,0,-0.707106781,0.707106781,0,21.2,-24.5,-18.2,1
6,1,0,0,0,0,1,0,0,0,0,1,0,0,0,-3,1
1,1,0,0,0,0,1,0,0,0,0,1,0,0,-25,0,1
2,1,0,0,0,0,1,0,0,0,0,1,0,21.2,-25,0,1
3,1,0,0,0,0,1,0,0,0,0,1,0,21.2,-25,-18.7,1
4,1,0,0,0,0,1,0,0,0,0,1,0,21.2,-25,-18.7,1
5,1,0,0,0,0,0.707106781,0.707106781,0,0,-0.707106781,0.707106781,0,21.2,-25,-18.7,1
6,1,0,0,0,0,1,0,0,0,0,1,0,0,0,-3,1
1,1,0,0,0,0,1,0,0,0,0,1,0,0,-25.5,0,1
2,1,0,0,0,0,1,0,0,0,0,1,0,21.2,-25.5,0,1
3,1,0,0,0,0,1,0,0,0,0,1,0,21.2,-25.5,-19.2,1
4,1,0,0,0,0,1,0,0,0,0,1,0,21.2,-25.5,-19.2,1
5,1,0,0,0,0,0.707106781,0.707106781,0,0,-0.707106781,0.707106781,0,21.2,-25.5,-19.2,1
6,1,0,0,0,0,1,0,0,0,0,1,0,0,0,-3,1
1,1,0,0,0,0,1,0,0,0,0,1,0,0,-26.5,0,1
2,1,0,0,0,0,1,0,0,0,0,1,0,21.2,-26.5,0,1
3,1,0,0,0,0,1,0,0,0,0,1,0,21.2,-26.5,-20.2,1
4,1,0,0,0,0,1,0,0,0,0,1,0,21.2,-26.5,-20.2,1
5,1,0,0,0,0,0.707106781,0.707106781,0,0,-0.707106781,0.707106781,0,21.2,-26.5,-20.2,1
6,1,0,0,0,0,1,0,0,0,0,1,0,0,0,-3,1
1,1,0,0,0,0,1,0,0,0,0,1,0,0,-28.5,0,1
2,1,0,0,0,0,1,0,0,0,0,1,0,21.2,-28.5,0,1
3,1,0,0,0,0,1,0,0,0,0,1,0,21.2,-28.5,-22.2,1
4,1,0,0,0,0,1,0,0,0,0,1,0,21.2,-28.5,-22.2,1
5,1,0,0,0,0,0.707106781,0.707106781,0,0,-0.707106781,0.707106781,0,21.2,-28.5,-22.2,1
6,1,0,0,0,0,1,0,0,0,0,1,0,0,0,-3,1
1,1,0,0,0,0,1,0,0,0,0,1,0,0,-30.5,0,1
2,1,0,0,0,0,1,0,0,0,0,1,0,21.2,-30.5,0,1
3,1,0,0,0,0,1,0,0,0,0,1,0,21.2,-30.5,-24.2,1
4,1,0,0,0,0,1,0,0,0,0,1,0,21.2,-30.5,-24.2,1
5,1,0,0,0,0,0.707106781,0.707106781,0,0,-0.707106781,0.707106781,0,21.2,-30.5,-24.2,1
6,1,0,0,0,0,1,0,0,0,0,1,0,0,0,-3,1
1,1,0,0,0,0,1,0,0,0,0,1,0,0,-31,0,1
2,1,0,0,0,0,1,0,0,0,0,1,0,21.2,-31,0,1
3,1,0,0,0,0,1,0,0,0,0,1,0,21.2,-31,-24.7,1
4,1,0,0,0,0,1,0,0,0,0,1,0,21.2,-31,-24.7,1
5,1,0,0,0,0,0.707106781,0.707106781,0,0,-0.707106781,0.707106781,0,21.2,-31,-24.7,1
6,1,0,0,0,0,1,0,0,0,0,1,0,0,0,-3,1
1,1,0,0,0,0,1,0,0,0,0,1,0,0,-31.5,0,1
2,1,0,0,0,0,1,0,0,0,0,1,0,21.2,-31.5,0,1
3,1,0,0,0,0,1,0,0,0,0,1,0,21.2,-31.5,-25.2,1
4,1,0,0,0,0,1,0,0,0,0,1,0,21.2,-31.5,-25.2,1
5,1,0,0,0,0,0.707106781,0.707106781,0,0,-0.707106781,0.707106781,0,21.2,-31.5,-25.2,1
6,1,0,0,0,0,1,0,0,0,0,1,0,0,0,-3,1
1,1,0,0,0,0,1,0,0,0,0,1,0,0,-31,0,1
2,1,0,0,0,0,1,0,0,0,0,1,0,21.2,-31,0,1
3,1,0,0,0,0,1,0,0,0,0,1,0,21.2,-31,-24.7,1
4,1,0,0,0,0,1,0,0,0,0,1,0,21.2,-31,-24.7,1
5,1,0,0,0,0,0.707106781,0.707106781,0,0,-0.707106781,0.707106781,0,21.2,-31,-24.7,1
6,1,0,0,0,0,1,0,0,0,0,1,0,0,0,-3,1
1,1,0,0,0,0,1,0,0,0,0,1,0,0,-30.5,0,1
2,1,0,0,0,0,1,0,0,0,0,1,0,21.2,-30.5,0,1
3,1,0,0,0,0,1,0,0,0,0,1,0,21.2,-30.5,-24.2,1
4,1,0,0,0,0,1,0,0,0,0,1,0,21.2,-30.5,-24.2,1
5,1,0,0,0,0,0.707106781,0.707106781,0,0,-0.707106781,0.707106781,0,21.2,-30.5,-24.2,1
6,1,0,0,0,0,1,0,0,0,0,1,0,0,0,-3,1
1,1,0,0,0,0,1,0,0,0,0,1,0,0,-30.5,0,1
2,1,0,0,0,0,1,0,0,0,0,1,0,21.2,-30.5,0,1
3,1,0,0,0,0,1,0,0,0,0,1,0,21.2,-30.5,-24.2,1
4,1,0,0,0,0,1,0,0,0,0,1,0,21.2,-30.5,-24.2,1
5,1,0,0,0,0,0.707106781,0.707106781,0,0,-0.707106781,0.707106781,0,21.2,-30.5,-24.2,1
6,1,0,0,0,0,1,0,0,0,0,1,0,0,0,-3,1
1,1,0,0,0,0,1,0,0,0,0,1,0,0,-28.5,0,1
2,1,0,0,0,0,1,0,0,0,0,1,0,19.2,-28.5,0,1
3,1,0,0,0,0,1,0,0,0,0,1,0,19.2,-28.5,-22.2,1
4,1,0,0,0,0,1,0,0,0,0,1,0,19.2,-28.5,-22.2,1
5,1,0,0,0,0,0.766044443,0.64278761,0,0,-0.64278761,0.766044443,0,19.2,-28.5,-22.2,1
6,1,0,0,0,0,1,0,0,0,0,1,0,0,0,-3,1
1,1,0,0,0,0,1,0,0,0,0,1,0,0,-26.5,0,1
2,1,0,0,0,0,1,0,0,0,0,1,0,17.2,-26.5,0,1
3,1,0,0,0,0,1,0,0,0,0,1,0,17.2,-26.5,-20.2,1
4,1,0,0,0,0,1,0,0,0,0,1,0,17.2,-26.5,-20.2,1
5,1,0,0,0,0,0.819152044,0.573576436,0,0,-0.573576436,0.819152044,0,17.2,-26.5,-20.2,1
6,1,0,0,0,0,1,0,0,0,0,1,0,0,0,-3,1
1,1,0,0,0,0,1,0,0,0,0,1,0,0,-24.5,0,1
2,1,0,0,0,0,1,0,0,0,0,1,0,15.2,-24.5,0,1
3,1,0,0,0,0,1,0,0,0,0,1,0,15.2,-24.5,-18.2,1
4,1,0,0,0,0,1,0,0,0,0,1,0,15.2,-24.5,-18.2,1
5,1,0,0,0,0,0.866025404,0.5,0,0,-0.5,0.866025404,0,15.2,-24.5,-18.2,1
6,1,0,0,0,0,1,0,0,0,0,1,0,0,0,-3,1
1,1,0,0,0,0,1,0,0,0,0,1,0,0,-22.5,0,1
2,1,0,0,0,0,1,0,0,0,0,1,0,13.2,-22.5,0,1
3,1,0,0,0,0,1,0,0,0,0,1,0,13.2,-22.5,-16.2,1
4,1,0,0,0,0,1,0,0,0,0,1,0,13.2,-22.5,-16.2,1
5,1,0,0,0,0,0.906307787,0.422618262,0,0,-0.422618262,0.906307787,0,13.2,-22.5,-16.2,1
6,1,0,0,0,0,1,0,0,0,0,1,0,0,0,-3,1
1,1,0,0,0,0,1,0,0,0,0,1,0,0,-20.5,0,1
2,1,0,0,0,0,1,0,0,0,0,1,0,11.2,-20.5,0,1
3,1,0,0,0,0,1,0,0,0,0,1,0,11.2,-20.5,-14.2,1
4,1,0,0,0,0,1,0,0,0,0,1,0,11.2,-20.5,-14.2,1
5,1,0,0,0,0,0.939692621,0.342020143,0,0,-0.342020143,0.939692621,0,11.2,-20.5,-14.2,1
6,1,0,0,0,0,1,0,0,0,0,1,0,0,0,-3,1
1,1,0,0,0,0,1,0,0,0,0,1,0,0,-18.5,0,1
2,1,0,0,0,0,1,0,0,0,0,1,0,9.2,-18.5,0,1
3,1,0,0,0,0,1,0,0,0,0,1,0,9.2,-18.5,-12.2,1
4,1,0,0,0,0,1,0,0,0,0,1,0,9.2,-18.5,-12.2,1
5,1,0,0,0,0,0.965925826,0.258819045,0,0,-0.258819045,0.965925826,0,9.2,-18.5,-12.2,1
6,1,0,0,0,0,1,0,0,0,0,1,0,0,0,-3,1
1,1,0,0,0,0,1,0,0,0,0,1,0,0,-16.5,0,1
2,1,0,0,0,0,1,0,0,0,0,1,0,7.2,-16.5,0,1
3,1,0,0,0,0,1,0,0,0,0,1,0,7.2,-16.5,-10.2,1
4,1,0,0,0,0,1,0,0,0,0,1,0,7.2,-16.5,-10.2,1
5,1,0,0,0,0,0.984807753,0.173648178,0,0,-0.173648178,0.984807753,0,7.2,-16.5,-10.2,1
6,1,0,0,0,0,1,0,0,0,0,1,0,0,0,-3,1
1,1,0,0,0,0,1,0,0,0,0,1,0,0,-14.5,0,1
2,1,0,0,0,0,1,0,0,0,0,1,0,5.2,-14.5,0,1
3,1,0,0,0,0,1,0,0,0,0,1,0,5.2,-14.5,-8.2,1
4,1,0,0,0,0,1,0,0,0,0,1,0,5.2,-14.5,-8.2,1
5,1,0,0,0,0,0.996194698,0.087155743,0,0,-0.087155743,0.996194698,0,5.2,-14.5,-8.2,1
6,1,0,0,0,0,1,0,0,0,0,1,0,0,0,-3,1
1,1,0,0,0,0,1,0,0,0,0,1,0,0,-12.5,0,1
2,1,0,0,0,0,1,0,0,0,0,1,0,3.2,-12.5,0,1
3,1,0,0,0,0,1,0,0,0,0,1,0,3.2,-12.5,-6.2,1
4,1,0,0,0,0,1,0,0,0,0,1,0,3.2,-12.5,-6.2,1
5,1,0,0,0,0,1,0,0,0,0,1,0,3.2,-12.5,-6.2,1
6,1,0,0,0,0,1,0,0,0,0,1,0,0,0,-3,1
1,1,0,0,0,0,1,0,0,0,0,1,0,0,-10.5,0,1
2,1,0,0,0,0,1,0,0,0,0,1,0,1.2,-10.5,0,1
3,1,0,0,0,0,1,0,0,0,0,1,0,1.2,-10.5,-4.2,1
4,1,0,0,0,0,1,0,0,0,0,1,0,1.2,-10.5,-4.2,1
5,1,0,0,0,0,1,0,0,0,0,1,0,1.2,-10.5,-4.2,1
6,1,0,0,0,0,1,0,0,0,0,1,0,0,0,-3,1
1,1,0,0,0,0,1,0,0,0,0,1,0,0,-8.5,0,1
2,1,0,0,0,0,1,0,0,0,0,1,0,0,-8.5,0,1
3,1,0,0,0,0,1,0,0,0,0,1,0,0,-8.5,-2.2,1
4,1,0,0,0,0,1,0,0,0,0,1,0,0,-8.5,-2.2,1
5,1,0,0,0,0,1,0,0,0,0,1,0,0,-8.5,-2.2,1
6,1,0,0,0,0,1,0,0,0,0,1,0,0,0,-3,1
1,1,0,0,0,0,1,0,0,0,0,1,0,0,-6.5,0,1
2,1,0,0,0,0,1,0,0,0,0,1,0,0,-6.5,0,1
3,1,0,0,0,0,1,0,0,0,0,1,0,0,-6.5,-0.2,1
4,1,0,0,0,0,1,0,0,0,0,1,0,0,-6.5,-0.2,1
5,1,0,0,0,0,1,0,0,0,0,1,0,0,-6.5,-0.2,1
6,1,0,0,0,0,1,0,0,0,0,1,0,0,0,-3,1
1,1,0,0,0,0,1,0,0,0,0,1,0,0,-4.5,0,1
2,1,0,0,0,0,1,0,0,0,0,1,0,0,-4.5,0,1
3,1,0,0,0,0,1,0,0,0,0,1,0,0,-4.5,0,1
4,1,0,0,0,0,1,0,0,0,0,1,0,0,-4.5,0,1
5,1,0,0,0,0,1,0,0,0,0,1,0,0,-4.5,0,1
6,1,0,0,0,0,1,0,0,0,0,1,0,0,0,-3,1
1,1,0,0,0,0,1,0,0,0,0,1,0,0,-2.5,0,1
2,1,0,0,0,0,1,0,0,0,0,1,0,0,-2.5,0,1
3,1,0,0,0,0,1,0,0,0,0,1,0,0,-2.5,0,1
4,1,0,0,0,0,1,0,0,0,0,1,0,0,-2.5,0,1
5,1,0,0,0,0,1,0,0,0,0,1,0,0,-2.5,0,1
6,1,0,0,0,0,1,0,0,0,0,1,0,0,0,-3,1
1,1,0,0,0,0,1,0,0,0,0,1,0,0,-0.5,0,1
2,1,0,0,0,0,1,0,0,0,0,1,0,0,-0.5,0,1
3,1,0,0,0,0,1,0,0,0,0,1,0,0,-0.5,0,1
4,1,0,0,0,0,1,0,0,0,0,1,0,0,-0.5,0,1
5,1,0,0,0,0,1,0,0,0,0,1,0,0,-0.5,0,1
6,1,0,0,0,0,1,0,0,0,0,1,0,0,0,-3,1
1,1,0,0,0,0,1,0,0,0,0,1,0,0,0,0,1
2,1,0,0,0,0,1,0,0,0,0,1,0,0,0,0,1
3,1,0,0,0,0,1,0,0,0,0,1,0,0,0,0,1
4,1,0,0,0,0,1,0,0,0,0,1,0,0,0,0,1
5,1,0,0,0,0,1,0,0,0,0,1,0,0,0,0,1
6,1,0,0,0,0,1,0,0,0,0,1,0,0,0,-3,1